{
  "species": "cobblemon:floette",
  "order": 5,
  "variations": [
    {
      "aspects": ["flower-expansion-purple"],
      "layers": [
        {
          "texture": "cobblemon:textures/pokemon/0670_floette/floette_flower_purple.png"
        }
      ]
    },
    {
      "aspects": ["flower-expansion-black"],
      "layers": [
        {
          "texture": "cobblemon:textures/pokemon/0670_floette/floette_flower_black.png"
        }
      ]
    },
    {
      "aspects": ["flower-expansion-green"],
      "layers": [
        {
          "texture": "cobblemon:textures/pokemon/0670_floette/floette_flower_green.png"
        }
      ]
    },
    {
      "aspects": ["flower-expansion-cyan"],
      "layers": [
        {
          "texture": "cobblemon:textures/pokemon/0670_floette/floette_flower_cyan.png"
        }
      ]
    },
    {
      "aspects": ["flower-expansion-brown"],
      "layers": [
        {
          "texture": "cobblemon:textures/pokemon/0670_floette/floette_flower_brown.png"
        }
      ]
    }
  ]
}
