{
	"credit": "Made with Blockbench",
	"ambientocclusion": false,
	"parent": "block/block",
	"textures": {
		"redstone_antenna": "create:block/redstone_antenna_powered",
		"particle": "create:item/linked_controller_powered",
		"redstone_bridge": "create:item/linked_controller_powered"
	},
	"elements": [
		{
			"name": "Controller",
			"from": [4, 0, 1.5],
			"to": [12, 2, 14.5],
			"rotation": {"angle": 0, "axis": "y", "origin": [0, 0, 0.5]},
			"faces": {
				"north": {"uv": [13, 0, 15, 8], "rotation": 90, "texture": "#redstone_bridge"},
				"east": {"uv": [0, 8, 13, 10], "texture": "#redstone_bridge"},
				"south": {"uv": [13, 0, 15, 8], "rotation": 90, "texture": "#redstone_bridge"},
				"west": {"uv": [0, 8, 13, 10], "texture": "#redstone_bridge"},
				"up": {"uv": [0, 0, 13, 8], "rotation": 270, "texture": "#redstone_bridge"},
				"down": {"uv": [0, 0, 13, 8], "rotation": 90, "texture": "#redstone_bridge"}
			}
		},
		{
			"from": [4.5, 5.5, 4],
			"to": [2.5, 7.5, 6],
			"shade": false,
			"rotation": {"angle": 0, "axis": "y", "origin": [-7, 1, -6.5]},
			"faces": {
				"north": {"uv": [0, 0, 1, 1], "texture": "#redstone_antenna"},
				"east": {"uv": [0, 0, 1, 1], "texture": "#redstone_antenna"},
				"south": {"uv": [0, 0, 1, 1], "texture": "#redstone_antenna"},
				"west": {"uv": [0, 0, 1, 1], "texture": "#redstone_antenna"},
				"up": {"uv": [0, 0, 1, 1], "texture": "#redstone_antenna"},
				"down": {"uv": [0, 0, 1, 1], "texture": "#redstone_antenna"}
			}
		},
		{
			"from": [3, 0, 4.5],
			"to": [4, 7, 5.5],
			"shade": false,
			"rotation": {"angle": 0, "axis": "y", "origin": [-7, -4, -6.5]},
			"faces": {
				"north": {"uv": [1, 1, 2, 8], "texture": "#redstone_antenna"},
				"east": {"uv": [1, 1, 2, 8], "texture": "#redstone_antenna"},
				"south": {"uv": [1, 1, 2, 8], "texture": "#redstone_antenna"},
				"west": {"uv": [1, 1, 2, 8], "texture": "#redstone_antenna"},
				"up": {"uv": [1, 1, 2, 2], "texture": "#redstone_antenna"},
				"down": {"uv": [1, 9, 2, 10], "texture": "#redstone_antenna"}
			}
		}
	],
	"display": {
		"thirdperson_righthand": {
			"rotation": [0, -90, -74],
			"translation": [-3, 3.25, 4.5],
			"scale": [0.7, 0.7, 0.7]
		},
		"thirdperson_lefthand": {
			"rotation": [0, 90, 74],
			"translation": [-3, 3.5, 5],
			"scale": [0.7, 0.7, 0.7]
		},
		"firstperson_righthand": {
			"rotation": [0, -113, -27],
			"translation": [-2, 9, 1.13],
			"scale": [0.97, 0.97, 0.97]
		},
		"firstperson_lefthand": {
			"rotation": [0, 47, 27],
			"translation": [-2, 9, 1.13],
			"scale": [0.97, 0.97, 0.97]
		},
		"ground": {
			"translation": [0, 2, 0],
			"scale": [0.75, 0.75, 0.75]
		},
		"gui": {
			"rotation": [30, -44, 0],
			"translation": [0, 1.75, 0],
			"scale": [0.76, 0.76, 0.76]
		},
		"head": {
			"rotation": [0, 180, 0],
			"translation": [0, 13, 0]
		},
		"fixed": {
			"rotation": [0, 90, -90],
			"translation": [0, 0, -8]
		}
	},
	"groups": [
		0,
		{
			"name": "Torch",
			"origin": [-9, -1, -7],
			"color": 0,
			"children": [1, 2]
		}
	]
}