{
    "type": "minecraft:chest",
    "pools": [
        {
            "rolls": {
                "type": "minecraft:uniform",
                "min": 0,
                "max": 1
            },
            "bonus_rolls": {
                "type": "minecraft:uniform",
                "min": 0,
                "max": 1
            },
            "entries": [
                {
                    "type": "minecraft:loot_table",
                    "value": "encounters:chests/commum/any_apricorn",
                    "weight": 10,
                    "quality": 10
                }
            ]
        },
        {
            "rolls": {
                "type": "minecraft:uniform",
                "min": 1,
                "max": 2
            },
            "bonus_rolls": {
                "type": "minecraft:uniform",
                "min": 0,
                "max": 1
            },
            "entries": [
                {
                    "type": "minecraft:loot_table",
                    "value": "encounters:chests/commum/simple_pokeballs",
                    "weight": 10,
                    "quality": 10
                }
            ]
        },
        {
            "rolls": {
                "type": "minecraft:uniform",
                "min": 1,
                "max": 2
            },
            "bonus_rolls": {
                "type": "minecraft:uniform",
                "min": 0,
                "max": 1
            },
            "entries": [
                {
                    "type": "minecraft:item",
                    "name": "cobblemon:oran_berry",
                    "weight": 10,
                    "quality": 10,
                    "functions": [
                        {
                            "function": "minecraft:set_count",
                            "count": {
                                "type": "minecraft:uniform",
                                "min": 1,
                                "max": 3
                            }
                        }
                    ]
                },
                {
                    "type": "minecraft:item",
                    "name": "cobblemon:revival_herb",
                    "weight": 6,
                    "quality": 6,
                    "functions": [
                        {
                            "function": "minecraft:set_count",
                            "count": {
                                "type": "minecraft:uniform",
                                "min": 1,
                                "max": 2
                            }
                        }
                    ]
                },
                {
                    "type": "minecraft:item",
                    "name": "cobblemon:remedy",
                    "weight": 7,
                    "quality": 7,
                    "functions": [
                        {
                            "function": "minecraft:set_count",
                            "count": {
                                "type": "minecraft:uniform",
                                "min": 1,
                                "max": 2
                            }
                        }
                    ]
                },
                {
                    "type": "minecraft:item",
                    "name": "cobblemon:fine_remedy",
                    "weight": 5,
                    "quality": 5,
                    "functions": [
                        {
                            "function": "minecraft:set_count",
                            "count": {
                                "type": "minecraft:uniform",
                                "min": 1,
                                "max": 3
                            }
                        }
                    ]
                }
            ]
        },
        {
            "rolls": {
                "type": "minecraft:uniform",
                "min": 1,
                "max": 3
            },
            "bonus_rolls": {
                "type": "minecraft:uniform",
                "min": 0,
                "max": 1
            },
            "entries": [
                {
                    "type": "minecraft:item",
                    "name": "minecraft:bundle",
                    "weight": 5,
                    "quality": 5
                },
                {
                    "type": "minecraft:item",
                    "name": "minecraft:book",
                    "weight": 8,
                    "quality": 8,
                    "functions": [
                        {
                            "function": "minecraft:set_count",
                            "count": {
                                "type": "minecraft:uniform",
                                "min": 1,
                                "max": 3
                            }
                        }
                    ]
                },
                {
                    "type": "minecraft:item",
                    "name": "cobblemon:link_cable",
                    "weight": 3,
                    "quality": 3
                },
                {
                    "type": "minecraft:item",
                    "name": "minecraft:amethyst_shard",
                    "weight": 6,
                    "quality": 6
                },
                {
                    "type": "minecraft:item",
                    "name": "minecraft:iron_ingot",
                    "weight": 9,
                    "quality": 9
                }
            ]
        },
        {
            "rolls": {
                "type": "minecraft:uniform",
                "min": 1,
                "max": 2
            },
            "bonus_rolls": {
                "type": "minecraft:uniform",
                "min": 0,
                "max": 2
            },
            "entries": [
                {
                    "type": "minecraft:item",
                    "name": "minecraft:bread",
                    "weight": 10,
                    "quality": 10,
                    "functions": [
                        {
                            "function": "minecraft:set_count",
                            "count": {
                                "type": "minecraft:uniform",
                                "min": 1,
                                "max": 3
                            }
                        }
                    ]
                },
                {
                    "type": "minecraft:item",
                    "name": "minecraft:sweet_berries",
                    "weight": 10,
                    "quality": 10,
                    "functions": [
                        {
                            "function": "minecraft:set_count",
                            "count": {
                                "type": "minecraft:uniform",
                                "min": 1,
                                "max": 3
                            }
                        }
                    ]
                },
                {
                    "type": "minecraft:item",
                    "name": "minecraft:apple",
                    "weight": 10,
                    "quality": 10,
                    "functions": [
                        {
                            "function": "minecraft:set_count",
                            "count": {
                                "type": "minecraft:uniform",
                                "min": 1,
                                "max": 3
                            }
                        }
                    ]
                },
                {
                    "type": "minecraft:item",
                    "name": "minecraft:honeycomb",
                    "weight": 8,
                    "quality": 8,
                    "functions": [
                        {
                            "function": "minecraft:set_count",
                            "count": {
                                "type": "minecraft:uniform",
                                "min": 1,
                                "max": 2
                            }
                        }
                    ]
                }
            ]
        }
    ]
}