{
    "type": "minecraft:chest",
    "pools": [
        {
            "rolls": 1,
            "entries": [
                {
                    "type": "minecraft:loot_table",
                    "value": "encounters:chests/ecruteak_village/ecruteak_village_house",
                    "weight": 10,
                    "quality": 10
                }
            ]
        },
        {
            "rolls": 1,
            "bonus_rolls": {
                "type": "minecraft:uniform",
                "min": 0,
                "max": 1
            },
            "entries": [
                {
                    "type": "minecraft:loot_table",
                    "value": "minecraft:chests/village/village_temple",
                    "weight": 10,
                    "quality": 10
                },
                {
                  "type": "minecraft:item",
                  "name": "minecraft:command_block",
                  "weight": 1,
                  "quality": 1,
                  "functions": [
                    {
                      "function": "minecraft:set_components",
                      "components": {
                        "minecraft:custom_model_data": 190,
                        "minecraft:item_name": "{\"fallback\":\"Graceful Bell\",\"translate\":\"encounters.item.graceful_bell\"}"
                      }
                    }
                  ]
                }
            ]
        }
    ]
}