{
    "type": "minecraft:chest",
    "pools": [
        {
            "rolls": 1,
            "entries": [
                {
                    "type": "minecraft:loot_table",
                    "value": "encounters:chests/ecruteak_village/ecruteak_village_house",
                    "weight": 10,
                    "quality": 10
                }
            ]
        },
        {
            "rolls": 1,
            "bonus_rolls": {
                "type": "minecraft:uniform",
                "min": 0,
                "max": 1
            },
            "entries": [
                {
                    "type": "minecraft:loot_table",
                    "value": "minecraft:chests/village/village_mason",
                    "weight": 10,
                    "quality": 10
                }
            ]
        }
    ]
}