{
    "type": "minecraft:chest",
    "pools": [
      {
        "rolls": 1,
        "bonus_rolls": {
          "type": "minecraft:uniform",
          "min": 0,
          "max": 1
        },
        "entries": [
          {
            "type": "minecraft:item",
            "name": "minecraft:copper_ingot",
            "weight": 15,
            "quality": 15,
            "functions": [
              {
                "function": "minecraft:set_count",
                "count": {
                  "type": "minecraft:uniform",
                  "min": 1,
                  "max": 5
                }
              }
            ]
          },
          {
            "type": "minecraft:item",
            "name": "minecraft:iron_ingot",
            "weight": 12,
            "quality": 12,
            "functions": [
              {
                "function": "minecraft:set_count",
                "count": {
                  "type": "minecraft:uniform",
                  "min": 1,
                  "max": 4
                }
              }
            ]
          },
          {
            "type": "minecraft:item",
            "name": "minecraft:gold_ingot",
            "weight": 10,
            "quality": 10,
            "functions": [
              {
                "function": "minecraft:set_count",
                "count": {
                  "type": "minecraft:uniform",
                  "min": 1,
                  "max": 2
                }
              }
            ]
          },
          {
            "type": "minecraft:item",
            "name": "minecraft:lapis_lazuli",
            "weight": 10,
            "quality": 10,
            "functions": [
              {
                "function": "minecraft:set_count",
                "count": {
                  "type": "minecraft:uniform",
                  "min": 2,
                  "max": 8
                }
              }
            ]
          },
          {
            "type": "minecraft:item",
            "name": "minecraft:emerald",
            "weight": 10,
            "quality": 10,
            "functions": [
              {
                "function": "minecraft:set_count",
                "count": {
                  "type": "minecraft:uniform",
                  "min": 1,
                  "max": 5
                }
              }
            ]
          },
          {
            "type": "minecraft:item",
            "name": "minecraft:coal",
            "weight": 16,
            "quality": 16,
            "functions": [
              {
                "function": "minecraft:set_count",
                "count": {
                  "type": "minecraft:uniform",
                  "min": 3,
                  "max": 6
                }
              }
            ]
          },
          {
            "type": "minecraft:item",
            "name": "minecraft:diamond",
            "weight": 8,
            "quality": 8
          },
          {
            "type": "minecraft:item",
            "name": "minecraft:amethyst_shard",
            "weight": 9,
            "quality": 9,
            "functions": [
              {
                "function": "minecraft:set_count",
                "count": {
                  "type": "minecraft:uniform",
                  "min": 1,
                  "max": 4
                }
              }
            ]
          },
          {
            "type": "minecraft:item",
            "name": "minecraft:glowstone_dust",
            "weight": 7,
            "quality": 7,
            "functions": [
              {
                "function": "minecraft:set_count",
                "count": {
                  "type": "minecraft:uniform",
                  "min": 1,
                  "max": 3
                }
              }
            ]
          },
          {
            "type": "minecraft:item",
            "name": "minecraft:ghast_tear",
            "weight": 8,
            "quality": 8,
            "functions": [
              {
                "function": "minecraft:set_count",
                "count": {
                  "type": "minecraft:uniform",
                  "min": 1,
                  "max": 2
                }
              }
            ]
          },
          {
            "type": "minecraft:item",
            "name": "minecraft:ender_pearl",
            "weight": 5,
            "quality": 5,
            "functions": [
              {
                "function": "minecraft:set_count",
                "count": {
                  "type": "minecraft:uniform",
                  "min": 1,
                  "max": 2
                }
              }
            ]
          },
          {
            "type": "minecraft:item",
            "name": "minecraft:glow_berries",
            "weight": 8,
            "quality": 8,
            "functions": [
              {
                "function": "minecraft:set_count",
                "count": {
                  "type": "minecraft:uniform",
                  "min": 1,
                  "max": 3
                }
              }
            ]
          },
          {
            "type": "minecraft:item",
            "name": "minecraft:gunpowder",
            "weight": 9,
            "quality": 9,
            "functions": [
              {
                "function": "minecraft:set_count",
                "count": {
                  "type": "minecraft:uniform",
                  "min": 1,
                  "max": 3
                }
              }
            ]
          },
          {
            "type": "minecraft:item",
            "name": "minecraft:phantom_membrane",
            "weight": 7,
            "quality": 7,
            "functions": [
              {
                "function": "minecraft:set_count",
                "count": {
                  "type": "minecraft:uniform",
                  "min": 1,
                  "max": 3
                }
              }
            ]
          },
          {
            "type": "minecraft:item",
            "name": "minecraft:prismarine_shard",
            "weight": 7,
            "quality": 7,
            "functions": [
              {
                "function": "minecraft:set_count",
                "count": {
                  "type": "minecraft:uniform",
                  "min": 1,
                  "max": 2
                }
              }
            ]
          },
          {
            "type": "minecraft:item",
            "name": "minecraft:prismarine_crystals",
            "weight": 7,
            "quality": 7,
            "functions": [
              {
                "function": "minecraft:set_count",
                "count": {
                  "type": "minecraft:uniform",
                  "min": 1,
                  "max": 2
                }
              }
            ]
          },
          {
            "type": "minecraft:item",
            "name": "minecraft:quartz",
            "weight": 7,
            "quality": 7,
            "functions": [
              {
                "function": "minecraft:set_count",
                "count": {
                  "type": "minecraft:uniform",
                  "min": 1,
                  "max": 2
                }
              }
            ]
          },
          {
            "type": "minecraft:item",
            "name": "minecraft:rabbit_hide",
            "weight": 5,
            "quality": 5,
            "functions": [
              {
                "function": "minecraft:set_count",
                "count": {
                  "type": "minecraft:uniform",
                  "min": 1,
                  "max": 3
                }
              }
            ]
          },
          {
            "type": "minecraft:item",
            "name": "minecraft:slime_ball",
            "weight": 7,
            "quality": 7,
            "functions": [
              {
                "function": "minecraft:set_count",
                "count": {
                  "type": "minecraft:uniform",
                  "min": 1,
                  "max": 2
                }
              }
            ]
          },
          {
            "type": "minecraft:item",
            "name": "minecraft:wind_charge",
            "weight": 6,
            "quality": 6,
            "functions": [
              {
                "function": "minecraft:set_count",
                "count": {
                  "type": "minecraft:uniform",
                  "min": 1,
                  "max": 6
                }
              }
            ]
          },
          {
            "type": "minecraft:item",
            "name": "minecraft:blaze_powder",
            "weight": 6,
            "quality": 6,
            "functions": [
              {
                "function": "minecraft:set_count",
                "count": {
                  "type": "minecraft:uniform",
                  "min": 1,
                  "max": 3
                }
              }
            ]
          },
          {
            "type": "minecraft:item",
            "name": "minecraft:experience_bottle",
            "weight": 12,
            "quality": 12,
            "functions": [
              {
                "function": "minecraft:set_count",
                "count": {
                  "type": "minecraft:uniform",
                  "min": 1,
                  "max": 2
                }
              }
            ]
          },
          {
            "type": "minecraft:item",
            "name": "minecraft:pumpkin_pie",
            "weight": 7,
            "quality": 7
          },
          {
            "type": "minecraft:item",
            "name": "minecraft:golden_carrot",
            "weight": 7,
            "quality": 7,
            "functions": [
              {
                "function": "minecraft:set_count",
                "count": {
                  "type": "minecraft:uniform",
                  "min": 1,
                  "max": 5
                }
              }
            ]
          },
          {
            "type": "minecraft:item",
            "name": "minecraft:golden_apple",
            "weight": 6,
            "quality": 6
          },
          {
            "type": "minecraft:item",
            "name": "minecraft:cake",
            "weight": 7,
            "quality": 7
          },
          {
              "type": "minecraft:item",
              "name": "cobblemon:poke_ball",
              "weight": 10,
              "quality": 10,
              "functions": [
                {
                  "function": "minecraft:set_count",
                  "count": {
                    "type": "minecraft:uniform",
                    "min": 1,
                    "max": 2
                  }
                }
              ]
          },
          {
              "type": "minecraft:item",
              "name": "cobblemon:citrine_ball",
              "weight": 10,
              "quality": 10,
              "functions": [
                {
                  "function": "minecraft:set_count",
                  "count": {
                    "type": "minecraft:uniform",
                    "min": 1,
                    "max": 2
                  }
                }
              ]
          },
          {
              "type": "minecraft:item",
              "name": "cobblemon:verdant_ball",
              "weight": 10,
              "quality": 10,
              "functions": [
                {
                  "function": "minecraft:set_count",
                  "count": {
                    "type": "minecraft:uniform",
                    "min": 1,
                    "max": 2
                  }
                }
              ]
          },
          {
              "type": "minecraft:item",
              "name": "cobblemon:azure_ball",
              "weight": 10,
              "quality": 10,
              "functions": [
                {
                  "function": "minecraft:set_count",
                  "count": {
                    "type": "minecraft:uniform",
                    "min": 1,
                    "max": 2
                  }
                }
              ]
          },
          {
              "type": "minecraft:item",
              "name": "cobblemon:roseate_ball",
              "weight": 10,
              "quality": 10,
              "functions": [
                {
                  "function": "minecraft:set_count",
                  "count": {
                    "type": "minecraft:uniform",
                    "min": 1,
                    "max": 2
                  }
                }
              ]
          },
          {
              "type": "minecraft:item",
              "name": "cobblemon:slate_ball",
              "weight": 10,
              "quality": 10,
              "functions": [
                {
                  "function": "minecraft:set_count",
                  "count": {
                    "type": "minecraft:uniform",
                    "min": 1,
                    "max": 2
                  }
                }
              ]
          },
          {
              "type": "minecraft:item",
              "name": "cobblemon:premier_ball",
              "weight": 10,
              "quality": 10,
              "functions": [
                {
                  "function": "minecraft:set_count",
                  "count": {
                    "type": "minecraft:uniform",
                    "min": 1,
                    "max": 2
                  }
                }
              ]
          },
          {
              "type": "minecraft:item",
              "name": "cobblemon:great_ball",
              "weight": 7,
              "quality": 7,
              "functions": [
                {
                  "function": "minecraft:set_count",
                  "count": {
                    "type": "minecraft:uniform",
                    "min": 1,
                    "max": 2
                  }
                }
              ]
          },
          {
              "type": "minecraft:item",
              "name": "cobblemon:ultra_ball",
              "weight": 5,
              "quality": 5,
              "functions": [
                {
                  "function": "minecraft:set_count",
                  "count": {
                    "type": "minecraft:uniform",
                    "min": 1,
                    "max": 2
                  }
                }
              ]
          },
          {
              "type": "minecraft:item",
              "name": "cobblemon:dive_ball",
              "weight": 7,
              "quality": 7,
              "functions": [
                {
                  "function": "minecraft:set_count",
                  "count": {
                    "type": "minecraft:uniform",
                    "min": 1,
                    "max": 2
                  }
                }
              ]
          },
          {
              "type": "minecraft:item",
              "name": "cobblemon:dusk_ball",
              "weight": 7,
              "quality": 7,
              "functions": [
                {
                  "function": "minecraft:set_count",
                  "count": {
                    "type": "minecraft:uniform",
                    "min": 1,
                    "max": 2
                  }
                }
              ]
          },
          {
              "type": "minecraft:item",
              "name": "cobblemon:dusk_ball",
              "weight": 7,
              "quality": 7,
              "functions": [
                {
                  "function": "minecraft:set_count",
                  "count": {
                    "type": "minecraft:uniform",
                    "min": 1,
                    "max": 2
                  }
                }
              ]
          },
          {
              "type": "minecraft:item",
              "name": "cobblemon:quick_ball",
              "weight": 7,
              "quality": 7,
              "functions": [
                {
                  "function": "minecraft:set_count",
                  "count": {
                    "type": "minecraft:uniform",
                    "min": 1,
                    "max": 2
                  }
                }
              ]
          },
          {
              "type": "minecraft:item",
              "name": "cobblemon:energy_root",
              "weight": 10,
              "quality": 10,
              "functions": [
                {
                  "function": "minecraft:set_count",
                  "count": {
                    "type": "minecraft:uniform",
                    "min": 1,
                    "max": 3
                  }
                }
              ]
          },
          {
              "type": "minecraft:item",
              "name": "cobblemon:revival_herb",
              "weight": 6,
              "quality": 6,
              "functions": [
                {
                  "function": "minecraft:set_count",
                  "count": {
                    "type": "minecraft:uniform",
                    "min": 1,
                    "max": 2
                  }
                }
              ]
          },
          {
              "type": "minecraft:item",
              "name": "cobblemon:relic_coin",
              "weight": 12,
              "quality": 12,
              "functions": [
                {
                  "function": "minecraft:set_count",
                  "count": {
                    "type": "minecraft:uniform",
                    "min": 5,
                    "max": 12
                  }
                }
              ]
          },
          {
              "type": "minecraft:item",
              "name": "cobblemon:fire_stone",
              "weight": 8,
              "quality": 8,
              "functions": [
                {
                  "function": "minecraft:set_count",
                  "count": {
                    "type": "minecraft:uniform",
                    "min": 1,
                    "max": 2
                  }
                }
              ]
          },
          {
              "type": "minecraft:item",
              "name": "cobblemon:water_stone",
              "weight": 8,
              "quality": 8,
              "functions": [
                {
                  "function": "minecraft:set_count",
                  "count": {
                    "type": "minecraft:uniform",
                    "min": 1,
                    "max": 2
                  }
                }
              ]
          },
          {
              "type": "minecraft:item",
              "name": "cobblemon:thunder_stone",
              "weight": 8,
              "quality": 8,
              "functions": [
                {
                  "function": "minecraft:set_count",
                  "count": {
                    "type": "minecraft:uniform",
                    "min": 1,
                    "max": 2
                  }
                }
              ]
          },
          {
              "type": "minecraft:item",
              "name": "cobblemon:leaf_stone",
              "weight": 8,
              "quality": 8,
              "functions": [
                {
                  "function": "minecraft:set_count",
                  "count": {
                    "type": "minecraft:uniform",
                    "min": 1,
                    "max": 2
                  }
                }
              ]
          },
          {
              "type": "minecraft:item",
              "name": "cobblemon:moon_stone",
              "weight": 8,
              "quality": 8,
              "functions": [
                {
                  "function": "minecraft:set_count",
                  "count": {
                    "type": "minecraft:uniform",
                    "min": 1,
                    "max": 2
                  }
                }
              ]
          },
          {
              "type": "minecraft:item",
              "name": "cobblemon:sun_stone",
              "weight": 8,
              "quality": 8,
              "functions": [
                {
                  "function": "minecraft:set_count",
                  "count": {
                    "type": "minecraft:uniform",
                    "min": 1,
                    "max": 2
                  }
                }
              ]
          },
          {
              "type": "minecraft:item",
              "name": "cobblemon:shiny_stone",
              "weight": 8,
              "quality": 8,
              "functions": [
                {
                  "function": "minecraft:set_count",
                  "count": {
                    "type": "minecraft:uniform",
                    "min": 1,
                    "max": 2
                  }
                }
              ]
          },
          {
              "type": "minecraft:item",
              "name": "cobblemon:dusk_stone",
              "weight": 8,
              "quality": 8,
              "functions": [
                {
                  "function": "minecraft:set_count",
                  "count": {
                    "type": "minecraft:uniform",
                    "min": 1,
                    "max": 2
                  }
                }
              ]
          },
          {
              "type": "minecraft:item",
              "name": "cobblemon:dawn_stone",
              "weight": 8,
              "quality": 8,
              "functions": [
                {
                  "function": "minecraft:set_count",
                  "count": {
                    "type": "minecraft:uniform",
                    "min": 1,
                    "max": 2
                  }
                }
              ]
          },
          {
              "type": "minecraft:item",
              "name": "cobblemon:ice_stone",
              "weight": 8,
              "quality": 8,
              "functions": [
                {
                  "function": "minecraft:set_count",
                  "count": {
                    "type": "minecraft:uniform",
                    "min": 1,
                    "max": 2
                  }
                }
              ]
          },
          {
              "type": "minecraft:item",
              "name": "cobblemon:link_cable",
              "weight": 6,
              "quality": 6
          },
          {
              "type": "minecraft:item",
              "name": "cobblemon:remedy",
              "weight": 8,
              "quality": 8,
              "functions": [
                {
                  "function": "minecraft:set_count",
                  "count": {
                    "type": "minecraft:uniform",
                    "min": 1,
                    "max": 3
                  }
                }
              ]
          },
          {
              "type": "minecraft:item",
              "name": "cobblemon:fine_remedy",
              "weight": 6,
              "quality": 6,
              "functions": [
                {
                  "function": "minecraft:set_count",
                  "count": {
                    "type": "minecraft:uniform",
                    "min": 1,
                    "max": 2
                  }
                }
              ]
          },
          {
              "type": "minecraft:item",
              "name": "cobblemon:antidote",
              "weight": 5,
              "quality": 5
          },
          {
              "type": "minecraft:item",
              "name": "cobblemon:awakening",
              "weight": 5,
              "quality": 5
          },
          {
              "type": "minecraft:item",
              "name": "cobblemon:burn_heal",
              "weight": 5,
              "quality": 5
          },
          {
              "type": "minecraft:item",
              "name": "cobblemon:ice_heal",
              "weight": 5,
              "quality": 5
          },
          {
              "type": "minecraft:item",
              "name": "cobblemon:paralyze_heal",
              "weight": 5,
              "quality": 5
          },
          {
              "type": "minecraft:item",
              "name": "cobblemon:ether",
              "weight": 4,
              "quality": 4,
              "functions": [
                  {
                      "function": "minecraft:set_count",
                      "count": {
                          "type": "minecraft:uniform",
                          "min": 1,
                          "max": 2
                      }
                  }
              ]
          },
          {
              "type": "minecraft:item",
              "name": "cobblemon:elixir",
              "weight": 3,
              "quality": 3,
              "functions": [
                  {
                      "function": "minecraft:set_count",
                      "count": {
                          "type": "minecraft:uniform",
                          "min": 1,
                          "max": 2
                      }
                  }
              ]
          },
          {
              "type": "minecraft:item",
              "name": "cobblemon:exp_candy_xs",
              "weight": 8,
              "quality": 8,
              "functions": [
                  {
                      "function": "minecraft:set_count",
                      "count": {
                          "type": "minecraft:uniform",
                          "min": 1,
                          "max": 6
                      }
                  }
              ]
          },
          {
              "type": "minecraft:item",
              "name": "cobblemon:exp_candy_s",
              "weight": 6,
              "quality": 6,
              "functions": [
                  {
                      "function": "minecraft:set_count",
                      "count": {
                          "type": "minecraft:uniform",
                          "min": 1,
                          "max": 5
                      }
                  }
              ]
          },
          {
              "type": "minecraft:item",
              "name": "cobblemon:exp_candy_m",
              "weight": 5,
              "quality": 5,
              "functions": [
                  {
                      "function": "minecraft:set_count",
                      "count": {
                          "type": "minecraft:uniform",
                          "min": 1,
                          "max": 5
                      }
                  }
              ]
          },
          {
              "type": "minecraft:item",
              "name": "cobblemon:heal_powder",
              "weight": 7,
              "quality": 7,
              "functions": [
                  {
                      "function": "minecraft:set_count",
                      "count": {
                          "type": "minecraft:uniform",
                          "min": 1,
                          "max": 6
                      }
                  }
              ]
          }
        ]
      }
    ]
  }