{
    "type": "minecraft:chest",
    "pools": [
      {
        "rolls": 1,
        "bonus_rolls": {
          "type": "minecraft:uniform",
          "min": 0,
          "max": 1
        },
        "entries": [
          {
              "type": "minecraft:item",
              "name": "cobblemon:remedy",
              "weight": 8,
              "quality": 8,
              "functions": [
                {
                  "function": "minecraft:set_count",
                  "count": {
                    "type": "minecraft:uniform",
                    "min": 1,
                    "max": 3
                  }
                }
              ]
          },
          {
              "type": "minecraft:item",
              "name": "cobblemon:fine_remedy",
              "weight": 6,
              "quality": 6,
              "functions": [
                {
                  "function": "minecraft:set_count",
                  "count": {
                    "type": "minecraft:uniform",
                    "min": 1,
                    "max": 2
                  }
                }
              ]
          },
          {
              "type": "minecraft:item",
              "name": "cobblemon:antidote",
              "weight": 5,
              "quality": 5
          },
          {
              "type": "minecraft:item",
              "name": "cobblemon:awakening",
              "weight": 5,
              "quality": 5
          },
          {
              "type": "minecraft:item",
              "name": "cobblemon:burn_heal",
              "weight": 5,
              "quality": 5
          },
          {
              "type": "minecraft:item",
              "name": "cobblemon:ice_heal",
              "weight": 5,
              "quality": 5
          },
          {
              "type": "minecraft:item",
              "name": "cobblemon:paralyze_heal",
              "weight": 5,
              "quality": 5
          },
          {
              "type": "minecraft:item",
              "name": "cobblemon:ether",
              "weight": 4,
              "quality": 4,
              "functions": [
                  {
                      "function": "minecraft:set_count",
                      "count": {
                          "type": "minecraft:uniform",
                          "min": 1,
                          "max": 2
                      }
                  }
              ]
          },
          {
              "type": "minecraft:item",
              "name": "cobblemon:elixir",
              "weight": 3,
              "quality": 3,
              "functions": [
                  {
                      "function": "minecraft:set_count",
                      "count": {
                          "type": "minecraft:uniform",
                          "min": 1,
                          "max": 2
                      }
                  }
              ]
          },
          {
              "type": "minecraft:item",
              "name": "cobblemon:exp_candy_xs",
              "weight": 8,
              "quality": 8,
              "functions": [
                  {
                      "function": "minecraft:set_count",
                      "count": {
                          "type": "minecraft:uniform",
                          "min": 1,
                          "max": 6
                      }
                  }
              ]
          },
          {
              "type": "minecraft:item",
              "name": "cobblemon:exp_candy_s",
              "weight": 6,
              "quality": 6,
              "functions": [
                  {
                      "function": "minecraft:set_count",
                      "count": {
                          "type": "minecraft:uniform",
                          "min": 1,
                          "max": 5
                      }
                  }
              ]
          },
          {
              "type": "minecraft:item",
              "name": "cobblemon:exp_candy_m",
              "weight": 5,
              "quality": 5,
              "functions": [
                  {
                      "function": "minecraft:set_count",
                      "count": {
                          "type": "minecraft:uniform",
                          "min": 1,
                          "max": 5
                      }
                  }
              ]
          },
          {
              "type": "minecraft:item",
              "name": "cobblemon:heal_powder",
              "weight": 7,
              "quality": 7,
              "functions": [
                  {
                      "function": "minecraft:set_count",
                      "count": {
                          "type": "minecraft:uniform",
                          "min": 1,
                          "max": 6
                      }
                  }
              ]
          }
        ]
      }
    ]
  }