{
    "enabled": true,
    "neededInstalledMods": [],
    "neededUninstalledMods": [],
    "spawns": [
        {
            "id": "floette-purple-1",
            "pokemon": "floette flower-expansion=purple",
            "presets": [
                "natural"
            ],
            "type": "pokemon",
            "context": "grounded",
            "bucket": "common",
            "level": "19-37",
            "weight": 0.95,
            "weightMultiplier": {
                "multiplier": 0.25,
                "condition": {
                    "timeRange": "night"
                }
            },
            "condition": {
                "minSkyLight": 8,
                "maxSkyLight": 15,
                "biomes": [
                    "#cobblemon:is_overworld"
                ],
                "neededNearbyBlocks": [
                    "minecraft:allium",
					"biomesoplenty:lavender",
					"biomesoplenty:tall_lavender",
					"biomesoplenty:wildflower",
					"biomesoplenty:violet"
                ]
            }
        },
        {
            "id": "floette-purple-2",
            "pokemon": "floette flower-expansion=purple",
            "presets": [
                "natural"
            ],
            "type": "pokemon",
            "context": "grounded",
            "bucket": "common",
            "level": "19-37",
            "weight": 0.95,
            "condition": {
                "neededNearbyBlocks": [
                    "minecraft:chorus_flower"
                ]
            }
        },
        {
            "id": "floette-black-1",
            "pokemon": "floette flower-expansion=black",
            "presets": [
                "natural"
            ],
            "type": "pokemon",
            "context": "grounded",
            "bucket": "common",
            "level": "19-37",
            "weight": 0.95,
            "weightMultiplier": {
                "multiplier": 1.5,
                "condition": {
                    "timeRange": "night"
                }
            },
            "condition": {
                "neededNearbyBlocks": [
                    "minecraft:wither_rose"
                ]
            }
        },
        {
            "id": "floette-green-1",
            "pokemon": "floette flower-expansion=green",
            "presets": [
                "natural"
            ],
            "type": "pokemon",
            "context": "grounded",
            "bucket": "common",
            "level": "19-37",
            "weight": 0.95,
            "weightMultiplier": {
                "multiplier": 0.25,
                "condition": {
                    "timeRange": "night"
                }
            },
            "condition": {
                "neededNearbyBlocks": [
                    "minecraft:mangrove_propagule"
                ]
            }
        },
        {
            "id": "floette-cyan-1",
            "pokemon": "floette flower-expansion=cyan",
            "presets": [
                "natural"
            ],
            "type": "pokemon",
            "context": "grounded",
            "bucket": "common",
            "level": "19-37",
            "weight": 0.95,
            "weightMultiplier": {
                "multiplier": 0.25,
                "condition": {
                    "timeRange": "night"
                }
            },
            "condition": {
                "neededNearbyBlocks": [
                    "minecraft:blue_orchid",
					"minecraft:pitcher_plant",
					"biomesoplenty:blue_hydrangea",
					"biomesoplenty:icy_iris"
                ]
            }
        },
        {
            "id": "floette-brown-1",
            "pokemon": "floette flower-expansion=brown",
            "presets": [
                "natural"
            ],
            "type": "pokemon",
            "context": "grounded",
            "bucket": "common",
            "level": "19-37",
            "weight": 0.95,
            "weightMultiplier": {
                "multiplier": 0.25,
                "condition": {
                    "timeRange": "night"
                }
            },
            "condition": {
                "neededNearbyBlocks": [
                    "minecraft:dead_bush",
					"minecraft:cocoa",
					"biomesoplenty:tundra_shrub",
					"biomesoplenty:wilted_lily"
                ]
            }
        }
    ]
}