{
    "enabled": true,
    "neededInstalledMods": [],
    "neededUninstalledMods": [],
    "spawns": [
        {
            "id": "comfey-1",
            "pokemon": "comfey",
            "presets": [
                "natural"
            ],
            "type": "pokemon",
            "context": "grounded",
            "bucket": "uncommon",
            "level": "24-49",
            "weight": 5.0,
            "condition": {
                "minSkyLight": 8,
                "maxSkyLight": 15,
                "biomes": [
                    "#cobblemon:is_floral",
                    "#cobblemon:is_tropical_island"
                ],
                "isRaining": false
            }
        },
        {
            "id": "comfey-2",
            "pokemon": "comfey comfey-flower=default",
            "presets": [
                "natural"
            ],
            "type": "pokemon",
            "context": "grounded",
            "bucket": "rare",
            "level": "24-49",
            "weight": 2.0,
            "condition": {
                "minSkyLight": 8,
                "maxSkyLight": 15,
                "biomes": [
                    "#cobblemon:is_overworld"
                ],
                "isRaining": false,
                "neededNearbyBlocks": [
                    "#cobblemon:flowers"
                ]
            },
			"anticondition": {
				"neededNearbyBlocks": [
                    "minecraft:wither_rose"
                ]
			}
        },
        {
            "id": "comfey-3",
            "pokemon": "comfey",
            "type": "pokemon",
            "context": "grounded",
            "bucket": "uncommon",
            "level": "24-49",
            "weight": 2.0,
            "condition": {
                "biomes": [
                    "the_bumblezone:floral_meadow"
                ],
                "isRaining": false
            },
            "anticondition": {
                "structures": [
                    "#the_bumblezone:sempiternal_sanctums"
                ]
            }
        }
    ]
}