{
  "type": "minecraft:chest",
  "pools": [
    {
      "rolls": 2,
      "bonus_rolls": 1,
      "entries": [
        {
          "type": "minecraft:item",
          "name": "cobblemon:exp_candy_xs",
          "weight": 50,
          "quality": 25
        },
        {
          "type": "minecraft:item",
          "name": "cobblemon:exp_candy_s",
          "weight": 40,
          "quality": 30
        },
        {
          "type": "minecraft:item",
          "name": "cobblemon:exp_candy_m",
          "weight": 30,
          "quality": 35
        },
        {
          "type": "minecraft:item",
          "name": "cobblemon:exp_candy_l",
          "weight": 10,
          "quality": 40
        },
        {
          "type": "minecraft:item",
          "name": "cobblemon:exp_candy_xl",
          "weight": 5,
          "quality": 50
        },
        {
          "type": "minecraft:item",
          "name": "cobblemon:rare_candy",
          "weight": 25,
          "quality": 30
        }
      ]
    }
  ]
}
