{
  "type": "minecraft:chest",
  "pools": [
    {
      "rolls": 1,
      "bonus_rolls": 1,
      "entries": [
        {
          "type": "minecraft:item",
          "name": "cobblemon:health_feather",
          "weight": 20,
          "quality": 25
        },
        {
          "type": "minecraft:item",
          "name": "cobblemon:muscle_feather",
          "weight": 20,
          "quality": 25
        },
        {
          "type": "minecraft:item",
          "name": "cobblemon:resist_feather",
          "weight": 20,
          "quality": 25
        },
        {
          "type": "minecraft:item",
          "name": "cobblemon:genius_feather",
          "weight": 20,
          "quality": 25
        },
        {
          "type": "minecraft:item",
          "name": "cobblemon:clever_feather",
          "weight": 20,
          "quality": 25
        },
        {
          "type": "minecraft:item",
          "name": "cobblemon:swift_feather",
          "weight": 20,
          "quality": 25
        }
      ]
    }
  ]
}
