{
  "type": "minecraft:chest",
  "pools": [
    {
      "rolls": 1,
      "bonus_rolls": 1,
      "entries": [
        {
          "type": "minecraft:item",
          "name": "cobblemon:helix_fossil",
          "weight": 20,
          "quality": 25
        },
        {
          "type": "minecraft:item",
          "name": "cobblemon:dome_fossil",
          "weight": 20,
          "quality": 25
        },
        {
          "type": "minecraft:item",
          "name": "cobblemon:old_amber_fossil",
          "weight": 20,
          "quality": 25
        },
        {
          "type": "minecraft:item",
          "name": "cobblemon:root_fossil",
          "weight": 20,
          "quality": 25
        },
        {
          "type": "minecraft:item",
          "name": "cobblemon:claw_fossil",
          "weight": 20,
          "quality": 25
        },
        {
          "type": "minecraft:item",
          "name": "cobblemon:skull_fossil",
          "weight": 20,
          "quality": 25
        },
        {
          "type": "minecraft:item",
          "name": "cobblemon:armor_fossil",
          "weight": 20,
          "quality": 25
        },
        {
          "type": "minecraft:item",
          "name": "cobblemon:cover_fossil",
          "weight": 20,
          "quality": 25
        },
        {
          "type": "minecraft:item",
          "name": "cobblemon:plume_fossil",
          "weight": 20,
          "quality": 25
        },
        {
          "type": "minecraft:item",
          "name": "cobblemon:jaw_fossil",
          "weight": 20,
          "quality": 25
        },
        {
          "type": "minecraft:item",
          "name": "cobblemon:sail_fossil",
          "weight": 20,
          "quality": 25
        },
        {
          "type": "minecraft:item",
          "name": "cobblemon:fossilized_bird",
          "weight": 10,
          "quality": 15
        },
        {
          "type": "minecraft:item",
          "name": "cobblemon:fossilized_fish",
          "weight": 10,
          "quality": 15
        },
        {
          "type": "minecraft:item",
          "name": "cobblemon:fossilized_drake",
          "weight": 10,
          "quality": 15
        },
        {
          "type": "minecraft:item",
          "name": "cobblemon:fossilized_dino",
          "weight": 10,
          "quality": 15
        }
      ]
    }
  ]
}
