{
  "type": "minecraft:chest",
  "pools": [
    {
      "rolls": 2,
      "bonus_rolls": 1,
      "entries": [
        {
          "type": "minecraft:item",
          "name": "cobblemon:poke_ball",
          "weight": 25,
          "quality": 20
        },
        {
          "type": "minecraft:item",
          "name": "cobblemon:citrine_ball",
          "weight": 25,
          "quality": 20
        },
        {
          "type": "minecraft:item",
          "name": "cobblemon:verdant_ball",
          "weight": 25,
          "quality": 20
        },
        {
          "type": "minecraft:item",
          "name": "cobblemon:azure_ball",
          "weight": 25,
          "quality": 20
        },
        {
          "type": "minecraft:item",
          "name": "cobblemon:roseate_ball",
          "weight": 25,
          "quality": 20
        },
        {
          "type": "minecraft:item",
          "name": "cobblemon:slate_ball",
          "weight": 25,
          "quality": 20
        },
        {
          "type": "minecraft:item",
          "name": "cobblemon:premier_ball",
          "weight": 25,
          "quality": 20
        },
        {
          "type": "minecraft:item",
          "name": "cobblemon:great_ball",
          "weight": 20,
          "quality": 25
        },
        {
          "type": "minecraft:item",
          "name": "cobblemon:ultra_ball",
          "weight": 15,
          "quality": 30
        },
        {
          "type": "minecraft:item",
          "name": "cobblemon:ancient_poke_ball",
          "weight": 15,
          "quality": 10
        },
        {
          "type": "minecraft:item",
          "name": "cobblemon:ancient_citrine_ball",
          "weight": 15,
          "quality": 10
        },
        {
          "type": "minecraft:item",
          "name": "cobblemon:ancient_verdant_ball",
          "weight": 15,
          "quality": 10
        },
        {
          "type": "minecraft:item",
          "name": "cobblemon:ancient_azure_ball",
          "weight": 15,
          "quality": 10
        },
        {
          "type": "minecraft:item",
          "name": "cobblemon:ancient_roseate_ball",
          "weight": 15,
          "quality": 10
        },
        {
          "type": "minecraft:item",
          "name": "cobblemon:ancient_slate_ball",
          "weight": 15,
          "quality": 10
        },
        {
          "type": "minecraft:item",
          "name": "cobblemon:ancient_ivory_ball",
          "weight": 15,
          "quality": 10
        },
        {
          "type": "minecraft:item",
          "name": "cobblemon:ancient_great_ball",
          "weight": 10,
          "quality": 15
        },
        {
          "type": "minecraft:item",
          "name": "cobblemon:ancient_ultra_ball",
          "weight": 10,
          "quality": 15
        },
        {
          "type": "minecraft:item",
          "name": "cobblemon:ancient_feather_ball",
          "weight": 15,
          "quality": 10
        },
        {
          "type": "minecraft:item",
          "name": "cobblemon:ancient_wing_ball",
          "weight": 10,
          "quality": 15
        },
        {
          "type": "minecraft:item",
          "name": "cobblemon:ancient_jet_ball",
          "weight": 5,
          "quality": 20
        },
        {
          "type": "minecraft:item",
          "name": "cobblemon:ancient_heavy_ball",
          "weight": 15,
          "quality": 10
        },
        {
          "type": "minecraft:item",
          "name": "cobblemon:ancient_leaden_ball",
          "weight": 10,
          "quality": 15
        },
        {
          "type": "minecraft:item",
          "name": "cobblemon:ancient_gigaton_ball",
          "weight": 5,
          "quality": 20
        }
      ]
    },
    {
      "rolls": 1,
      "bonus_rolls": 1,
      "entries": [
        {
          "type": "minecraft:item",
          "name": "cobblemon:luxury_ball",
          "weight": 25,
          "quality": 20
        },
        {
          "type": "minecraft:item",
          "name": "cobblemon:quick_ball",
          "weight": 25,
          "quality": 20
        },
        {
          "type": "minecraft:item",
          "name": "cobblemon:heavy_ball",
          "weight": 25,
          "quality": 20
        },
        {
          "type": "minecraft:item",
          "name": "cobblemon:dive_ball",
          "weight": 25,
          "quality": 20
        },
        {
          "type": "minecraft:item",
          "name": "cobblemon:timer_ball",
          "weight": 25,
          "quality": 20
        }
      ]
    }
  ]
}
