{
  "type": "minecraft:chest",
  "pools": [
    {
      "rolls": 1,
      "bonus_rolls": 1,
      "entries": [
        {
          "type": "minecraft:item",
          "name": "cobblemon:ability_capsule",
          "weight": 10,
          "quality": 15
        },
        {
          "type": "minecraft:item",
          "name": "cobblemon:ability_patch",
          "weight": 5,
          "quality": 10
        },
        {
          "type": "minecraft:item",
          "name": "cobblemon:ability_shield",
          "weight": 20,
          "quality": 20
        },
        {
          "type": "minecraft:item",
          "name": "cobblemon:pp_max",
          "weight": 20,
          "quality": 20
        },
        {
          "type": "minecraft:item",
          "name": "cobblemon:max_elixir",
          "weight": 20,
          "quality": 20
        },
        {
          "type": "minecraft:item",
          "name": "cobblemon:max_ether",
          "weight": 20,
          "quality": 20
        },
        {
          "type": "minecraft:item",
          "name": "cobblemon:max_potion",
          "weight": 15,
          "quality": 20
        },
        {
          "type": "minecraft:item",
          "name": "cobblemon:full_restore",
          "weight": 10,
          "quality": 25
        },
        {
          "type": "minecraft:item",
          "name": "cobblemon:pp_max",
          "weight": 20,
          "quality": 20
        },
        {
          "type": "minecraft:item",
          "name": "cobblemon:full_heal",
          "weight": 15,
          "quality": 20
        },
        {
          "type": "minecraft:item",
          "name": "cobblemon:max_revive",
          "weight": 10,
          "quality": 15
        },
        {
          "type": "minecraft:item",
          "name": "cobblemon:exp_candy_l",
          "weight": 10,
          "quality": 15
        },
        {
          "type": "minecraft:item",
          "name": "cobblemon:exp_candy_xl",
          "weight": 7,
          "quality": 20
        },
        {
          "type": "minecraft:item",
          "name": "cobblemon:rare_candy",
          "weight": 15,
          "quality": 20
        },
        {
          "type": "minecraft:item",
          "name": "cobblemon:red_mint_leaf",
          "weight": 5,
          "quality": 10
        },
        {
          "type": "minecraft:item",
          "name": "cobblemon:blue_mint_leaf",
          "weight": 5,
          "quality": 10
        },
        {
          "type": "minecraft:item",
          "name": "cobblemon:cyan_mint_leaf",
          "weight": 5,
          "quality": 10
        },
        {
          "type": "minecraft:item",
          "name": "cobblemon:pink_mint_leaf",
          "weight": 5,
          "quality": 10
        },
        {
          "type": "minecraft:item",
          "name": "cobblemon:green_mint_leaf",
          "weight": 5,
          "quality": 10
        },
        {
          "type": "minecraft:item",
          "name": "cobblemon:white_mint_leaf",
          "weight": 5,
          "quality": 10
        },
        {
          "type": "minecraft:item",
          "name": "cobblemon:relic_coin",
          "weight": 25,
          "quality": 20
        },
        {
          "type": "minecraft:item",
          "name": "cobblemon:relic_coin_pouch",
          "weight": 20,
          "quality": 25
        },
        {
          "type": "minecraft:item",
          "name": "cobblemon:relic_coin_sack",
          "weight": 25,
          "quality": 30
        },
        {
          "type": "minecraft:item",
          "name": "cobblemon:lucky_egg",
          "weight": 10,
          "quality": 15
        },
        {
          "type": "minecraft:item",
          "name": "cobblemon:exp_share",
          "weight": 10,
          "quality": 10
        },
        {
          "type": "minecraft:item",
          "name": "cobblemon:power_anklet",
          "weight": 10,
          "quality": 10
        },
        {
          "type": "minecraft:item",
          "name": "cobblemon:power_band",
          "weight": 10,
          "quality": 10
        },
        {
          "type": "minecraft:item",
          "name": "cobblemon:power_belt",
          "weight": 10,
          "quality": 10
        },
        {
          "type": "minecraft:item",
          "name": "cobblemon:power_bracer",
          "weight": 10,
          "quality": 10
        },
        {
          "type": "minecraft:item",
          "name": "cobblemon:power_lens",
          "weight": 10,
          "quality": 10
        },
        {
          "type": "minecraft:item",
          "name": "cobblemon:power_weight",
          "weight": 10,
          "quality": 10
        },
        {
          "type": "minecraft:item",
          "name": "cobblemon:safety_goggles",
          "weight": 10,
          "quality": 10
        }
      ]
    }
  ]
}
