{
  "type": "minecraft:chest",
  "pools": [
    {
      "rolls": 4,
      "bonus_rolls": 1,
      "entries": [
        {
          "type": "minecraft:item",
          "name": "minecraft:beef",
          "weight": 10,
          "quality": 5
        },
        {
          "type": "minecraft:item",
          "name": "minecraft:apple",
          "weight": 10,
          "quality": 5
        },
        {
          "type": "minecraft:item",
          "name": "minecraft:carrot",
          "weight": 10,
          "quality": 5
        },
        {
          "type": "minecraft:item",
          "name": "minecraft:potato",
          "weight": 10,
          "quality": 5
        },
        {
          "type": "minecraft:item",
          "name": "minecraft:porkchop",
          "weight": 10,
          "quality": 5
        },
        {
          "type": "minecraft:item",
          "name": "minecraft:mutton",
          "weight": 10,
          "quality": 5
        },
        {
          "type": "minecraft:item",
          "name": "minecraft:chicken",
          "weight": 10,
          "quality": 5
        },
        {
          "type": "minecraft:item",
          "name": "minecraft:bread",
          "weight": 10,
          "quality": 5
        },
        {
          "type": "minecraft:item",
          "name": "minecraft:salmon",
          "weight": 10,
          "quality": 5
        },
        {
          "type": "minecraft:item",
          "name": "minecraft:cod",
          "weight": 10,
          "quality": 5
        },
        {
          "type": "minecraft:item",
          "name": "minecraft:sweet_berries",
          "weight": 10,
          "quality": 5
        }
      ]
    }
  ]
}
