{
    "type": "minecraft:chest",
    "pools": [
      {
        "rolls": 2,
        "bonus_rolls": 1,
        "entries": [
          {
            "type": "minecraft:item",
            "name": "minecraft:beef",
            "weight": 10,
            "quality": 5
          },
          {
            "type": "minecraft:item",
            "name": "minecraft:apple",
            "weight": 10,
            "quality": 5
          },
          {
            "type": "minecraft:item",
            "name": "minecraft:carrot",
            "weight": 10,
            "quality": 5
          },
          {
            "type": "minecraft:item",
            "name": "minecraft:potato",
            "weight": 10,
            "quality": 5
          },
          {
            "type": "minecraft:item",
            "name": "minecraft:porkchop",
            "weight": 10,
            "quality": 5
          },
          {
            "type": "minecraft:item",
            "name": "minecraft:mutton",
            "weight": 10,
            "quality": 5
          },
          {
            "type": "minecraft:item",
            "name": "minecraft:chicken",
            "weight": 10,
            "quality": 5
          },
          {
            "type": "minecraft:item",
            "name": "minecraft:bread",
            "weight": 10,
            "quality": 5
          },
          {
            "type": "minecraft:item",
            "name": "minecraft:salmon",
            "weight": 10,
            "quality": 5
          },
          {
            "type": "minecraft:item",
            "name": "minecraft:cod",
            "weight": 10,
            "quality": 5
          },
          {
            "type": "minecraft:item",
            "name": "minecraft:sweet_berries",
            "weight": 10,
            "quality": 5
          }
        ]
      },
      {
        "rolls": 2,
        "bonus_rolls": 1,
        "entries": [
          {
            "type": "minecraft:item",
            "name": "cobblemon:poke_ball",
            "weight": 25,
            "quality": 20
          },
          {
            "type": "minecraft:item",
            "name": "cobblemon:citrine_ball",
            "weight": 25,
            "quality": 20
          },
          {
            "type": "minecraft:item",
            "name": "cobblemon:verdant_ball",
            "weight": 25,
            "quality": 20
          },
          {
            "type": "minecraft:item",
            "name": "cobblemon:azure_ball",
            "weight": 25,
            "quality": 20
          },
          {
            "type": "minecraft:item",
            "name": "cobblemon:roseate_ball",
            "weight": 25,
            "quality": 20
          },
          {
            "type": "minecraft:item",
            "name": "cobblemon:slate_ball",
            "weight": 25,
            "quality": 20
          },
          {
            "type": "minecraft:item",
            "name": "cobblemon:premier_ball",
            "weight": 25,
            "quality": 20
          },
          {
            "type": "minecraft:item",
            "name": "cobblemon:great_ball",
            "weight": 20,
            "quality": 25
          },
          {
            "type": "minecraft:item",
            "name": "cobblemon:ultra_ball",
            "weight": 15,
            "quality": 30
          }
        ]
      },
      {
        "rolls": 2,
        "bonus_rolls": 1,
        "entries": [
            {
              "type": "minecraft:item",
              "name": "minecraft:leather_helmet",
              "functions": [
                {
                  "function": "minecraft:set_damage",
                  "damage": {
                    "type": "minecraft:uniform",
                    "max": 0.8,
                    "min": 0.5
                  }
                }
              ],
              "weight": 25,
              "quality": 20
            },
            {
              "type": "minecraft:item",
              "name": "minecraft:leather_chestplate",
              "functions": [
                {
                  "function": "minecraft:set_damage",
                  "damage": {
                    "type": "minecraft:uniform",
                    "max": 0.8,
                    "min": 0.5
                  }
                }
              ],
              "weight": 25,
              "quality": 20
            },
            {
              "type": "minecraft:item",
              "name": "minecraft:leather_leggings",
              "functions": [
                {
                  "function": "minecraft:set_damage",
                  "damage": {
                    "type": "minecraft:uniform",
                    "max": 0.8,
                    "min": 0.5
                  }
                }
              ],
              "weight": 25,
              "quality": 20
            },
            {
              "type": "minecraft:item",
              "name": "minecraft:leather_boots",
              "functions": [
                {
                  "function": "minecraft:set_damage",
                  "damage": {
                    "type": "minecraft:uniform",
                    "max": 0.8,
                    "min": 0.5
                  }
                }
              ],
              "weight": 25,
              "quality": 20
            }
        ]
      },
      {
        "rolls": {
          "type": "minecraft:uniform",
          "min": 1,
          "max": 2
        },
        "entries": [
          {
            "type": "minecraft:item",
            "name": "minecraft:gold_ingot",
            "weight": 10,
            "quality": 10,
            "functions": [
              {
                "function": "minecraft:set_count",
                "count": {
                  "type": "minecraft:uniform",
                  "min": 1,
                  "max": 3
                }
              }
            ]
          },
          {
            "type": "minecraft:item",
            "name": "minecraft:iron_ingot",
            "weight": 15,
            "quality": 10,
            "functions": [
              {
                "function": "minecraft:set_count",
                "count": {
                  "type": "minecraft:uniform",
                  "min": 2,
                  "max": 5
                }
              }
            ]
          },
          {
            "type": "minecraft:item",
            "name": "minecraft:copper_ingot",
            "weight": 20,
            "quality": 10,
            "functions": [
              {
                "function": "minecraft:set_count",
                "count": {
                  "type": "minecraft:uniform",
                  "min": 3,
                  "max": 6
                }
              }
            ]
          },
          {
            "type": "minecraft:item",
            "name": "minecraft:amethyst_shard",
            "weight": 15,
            "quality": 10,
            "functions": [
              {
                "function": "minecraft:set_count",
                "count": {
                  "type": "minecraft:uniform",
                  "min": 1,
                  "max": 2
                }
              }
            ]
          },
          {
            "type": "minecraft:item",
            "name": "minecraft:book",
            "weight": 10,
            "quality": 10
          }
        ]
      },
      {
        "rolls": 1,
        "bonus_rolls": 0,
        "entries": [
          {
            "type": "minecraft:item",
            "name": "cobblemon:potion",
            "weight": 15,
            "quality": 15,
            "functions": [
              {
                "function": "minecraft:set_count",
                "count": {
                  "type": "minecraft:uniform",
                  "min": 1,
                  "max": 3
                }
              }
            ]
          },
          {
            "type": "minecraft:item",
            "name": "cobblemon:super_potion",
            "weight": 12,
            "quality": 12,
            "functions": [
              {
                "function": "minecraft:set_count",
                "count": {
                  "type": "minecraft:uniform",
                  "min": 1,
                  "max": 2
                }
              }
            ]
          },
          {
            "type": "minecraft:item",
            "name": "cobblemon:hyper_potion",
            "weight": 7,
            "quality": 7
          }
        ]
      }
    ]
  }
  