{
  "target": "cobblemon:geodude",
  "drops": {
    "amount": "5",
    "entries": [
      {
        "item": "minecraft:gunpowder",
        "quantityRange": "0-2"
      },
      {
        "item": "minecraft:flint",
        "quantityRange": "0-1"
      },
      {
        "item": "cobblemon:everstone",
        "percentage": 2.5
      },
      {
        "item": "cobblemon:black_augurite",
        "percentage": 2.5
      },
      {
        "item": "cobblemon:rindo_berry",
        "percentage": 2.5
      }
    ]
  }
}