{
  "target": "cobblemon:graveler",
  "drops": {
    "amount": "5",
    "entries": [
      {
        "item": "minecraft:gunpowder",
        "quantityRange": "0-3"
      },
      {
        "item": "minecraft:flint",
        "quantityRange": "0-2"
      },
      {
        "item": "cobblemon:everstone",
        "percentage": 5.0
      },
      {
        "item": "cobblemon:black_augurite",
        "percentage": 5.0
      },
      {
        "item": "cobblemon:rindo_berry",
        "percentage": 5.0
      }
    ]
  }
}