{
  "target": "cobblemon:haunter",
  "drops": {
    "amount": "5",
    "entries": [
      {
        "item": "cobblemon:spell_tag",
        "percentage": 5.0
      },
      {
        "item": "cobblemon:payapa_berry",
        "percentage": 5.0
      },
      {
        "item": "minecraft:ghast_tear",
        "percentage": 5.0
      },
      {
        "item": "minecraft:skeleton_skull",
        "percentage": 3.5
      },
      {
        "item": "minecraft:wither_skeleton_skull",
        "percentage": 1.5
      }
    ]
  }
}