{
    "type": "minecraft:chest",
    "pools": [
        {
            "rolls": 1,
            "entries": [
                {
                    "type": "minecraft:item",
                    "name": "cobblemon:poke_ball",
                    "weight": 10,
                    "quality": 10,
                    "functions": [
                      {
                        "function": "minecraft:set_count",
                        "count": {
                          "type": "minecraft:uniform",
                          "min": 1,
                          "max": 2
                        }
                      }
                    ]
                },
                {
                    "type": "minecraft:item",
                    "name": "cobblemon:citrine_ball",
                    "weight": 10,
                    "quality": 10,
                    "functions": [
                      {
                        "function": "minecraft:set_count",
                        "count": {
                          "type": "minecraft:uniform",
                          "min": 1,
                          "max": 2
                        }
                      }
                    ]
                },
                {
                    "type": "minecraft:item",
                    "name": "cobblemon:verdant_ball",
                    "weight": 10,
                    "quality": 10,
                    "functions": [
                      {
                        "function": "minecraft:set_count",
                        "count": {
                          "type": "minecraft:uniform",
                          "min": 1,
                          "max": 2
                        }
                      }
                    ]
                },
                {
                    "type": "minecraft:item",
                    "name": "cobblemon:azure_ball",
                    "weight": 10,
                    "quality": 10,
                    "functions": [
                      {
                        "function": "minecraft:set_count",
                        "count": {
                          "type": "minecraft:uniform",
                          "min": 1,
                          "max": 2
                        }
                      }
                    ]
                },
                {
                    "type": "minecraft:item",
                    "name": "cobblemon:roseate_ball",
                    "weight": 10,
                    "quality": 10,
                    "functions": [
                      {
                        "function": "minecraft:set_count",
                        "count": {
                          "type": "minecraft:uniform",
                          "min": 1,
                          "max": 2
                        }
                      }
                    ]
                },
                {
                    "type": "minecraft:item",
                    "name": "cobblemon:slate_ball",
                    "weight": 10,
                    "quality": 10,
                    "functions": [
                      {
                        "function": "minecraft:set_count",
                        "count": {
                          "type": "minecraft:uniform",
                          "min": 1,
                          "max": 2
                        }
                      }
                    ]
                },
                {
                    "type": "minecraft:item",
                    "name": "cobblemon:premier_ball",
                    "weight": 10,
                    "quality": 10,
                    "functions": [
                      {
                        "function": "minecraft:set_count",
                        "count": {
                          "type": "minecraft:uniform",
                          "min": 1,
                          "max": 2
                        }
                      }
                    ]
                },
                {
                    "type": "minecraft:item",
                    "name": "cobblemon:great_ball",
                    "weight": 7,
                    "quality": 7,
                    "functions": [
                      {
                        "function": "minecraft:set_count",
                        "count": {
                          "type": "minecraft:uniform",
                          "min": 1,
                          "max": 2
                        }
                      }
                    ]
                },
                {
                    "type": "minecraft:item",
                    "name": "cobblemon:ultra_ball",
                    "weight": 5,
                    "quality": 5,
                    "functions": [
                      {
                        "function": "minecraft:set_count",
                        "count": {
                          "type": "minecraft:uniform",
                          "min": 1,
                          "max": 2
                        }
                      }
                    ]
                }
            ]
        }
    ]
}