{
    "type": "minecraft:chest",
    "pools": [
        {
            "rolls": {
                "type": "minecraft:uniform",
                "min": 1,
                "max": 3
            },
            "bonus_rolls": {
                "type": "minecraft:uniform",
                "min": 0,
                "max": 1
            },
            "entries": [
                {
                    "type": "minecraft:item",
                    "name": "cobblemon:poke_ball",
                    "weight": 25,
                    "quality": 20
                },
                {
                    "type": "minecraft:item",
                    "name": "cobblemon:citrine_ball",
                    "weight": 25,
                    "quality": 20
                },
                {
                    "type": "minecraft:item",
                    "name": "cobblemon:verdant_ball",
                    "weight": 25,
                    "quality": 20
                },
                {
                    "type": "minecraft:item",
                    "name": "cobblemon:azure_ball",
                    "weight": 25,
                    "quality": 20
                },
                {
                    "type": "minecraft:item",
                    "name": "cobblemon:roseate_ball",
                    "weight": 25,
                    "quality": 20
                },
                {
                    "type": "minecraft:item",
                    "name": "cobblemon:slate_ball",
                    "weight": 25,
                    "quality": 20
                },
                {
                    "type": "minecraft:item",
                    "name": "cobblemon:premier_ball",
                    "weight": 25,
                    "quality": 20
                },
                {
                    "type": "minecraft:item",
                    "name": "cobblemon:great_ball",
                    "weight": 20,
                    "quality": 25
                },
                {
                    "type": "minecraft:item",
                    "name": "cobblemon:ultra_ball",
                    "weight": 15,
                    "quality": 30
                }
            ]
        },
        {
            "rolls": {
                "type": "minecraft:uniform",
                "min": 1,
                "max": 5
            },
            "bonus_rolls": {
                "type": "minecraft:uniform",
                "min": 0,
                "max": 1
            },
            "entries": [
                {
                    "type": "minecraft:item",
                    "name": "cobblemon:oran_berry",
                    "weight": 10,
                    "quality": 10,
                    "functions": [
                        {
                            "function": "minecraft:set_count",
                            "count": {
                                "type": "minecraft:uniform",
                                "min": 1,
                                "max": 3
                            }
                        }
                    ]
                },
                {
                    "type": "minecraft:item",
                    "name": "cobblemon:potion",
                    "weight": 8,
                    "quality": 8,
                    "functions": [
                        {
                            "function": "minecraft:set_count",
                            "count": {
                                "type": "minecraft:uniform",
                                "min": 1,
                                "max": 2
                            }
                        }
                    ]
                },
                {
                    "type": "minecraft:item",
                    "name": "cobblemon:antidote",
                    "weight": 6,
                    "quality": 6
                },
                {
                    "type": "minecraft:item",
                    "name": "cobblemon:awakening",
                    "weight": 6,
                    "quality": 6
                },
                {
                    "type": "minecraft:item",
                    "name": "cobblemon:burn_heal",
                    "weight": 6,
                    "quality": 6
                },
                {
                    "type": "minecraft:item",
                    "name": "cobblemon:ice_heal",
                    "weight": 6,
                    "quality": 6
                },
                {
                    "type": "minecraft:item",
                    "name": "cobblemon:paralyze_heal",
                    "weight": 6,
                    "quality": 6
                },
                {
                    "type": "minecraft:item",
                    "name": "cobblemon:ether",
                    "weight": 4,
                    "quality": 4,
                    "functions": [
                        {
                            "function": "minecraft:set_count",
                            "count": {
                                "type": "minecraft:uniform",
                                "min": 1,
                                "max": 2
                            }
                        }
                    ]
                },
                {
                    "type": "minecraft:item",
                    "name": "cobblemon:revival_herb",
                    "weight": 6,
                    "quality": 6,
                    "functions": [
                        {
                            "function": "minecraft:set_count",
                            "count": {
                                "type": "minecraft:uniform",
                                "min": 1,
                                "max": 2
                            }
                        }
                    ]
                },
                {
                    "type": "minecraft:item",
                    "name": "cobblemon:remedy",
                    "weight": 7,
                    "quality": 7,
                    "functions": [
                        {
                            "function": "minecraft:set_count",
                            "count": {
                                "type": "minecraft:uniform",
                                "min": 1,
                                "max": 2
                            }
                        }
                    ]
                }
            ]
        },
        {
            "rolls": {
                "type": "minecraft:uniform",
                "min": 0,
                "max": 2
            },
            "bonus_rolls": {
                "type": "minecraft:uniform",
                "min": 0,
                "max": 1
            },
            "entries": [
                {
                    "type": "minecraft:item",
                    "name": "cobblemon:x_attack",
                    "weight": 25,
                    "quality": 25,
                    "functions": [
                        {
                            "function": "minecraft:set_count",
                            "count": {
                                "type": "minecraft:uniform",
                                "min": 1,
                                "max": 2
                            }
                        }
                    ]
                },
                {
                    "type": "minecraft:item",
                    "name": "cobblemon:x_defence",
                    "weight": 25,
                    "quality": 25,
                    "functions": [
                        {
                            "function": "minecraft:set_count",
                            "count": {
                                "type": "minecraft:uniform",
                                "min": 1,
                                "max": 2
                            }
                        }
                    ]
                },
                {
                    "type": "minecraft:item",
                    "name": "cobblemon:x_special_attack",
                    "weight": 25,
                    "quality": 25,
                    "functions": [
                        {
                            "function": "minecraft:set_count",
                            "count": {
                                "type": "minecraft:uniform",
                                "min": 1,
                                "max": 2
                            }
                        }
                    ]
                },
                {
                    "type": "minecraft:item",
                    "name": "cobblemon:x_special_defence",
                    "weight": 25,
                    "quality": 25,
                    "functions": [
                        {
                            "function": "minecraft:set_count",
                            "count": {
                                "type": "minecraft:uniform",
                                "min": 1,
                                "max": 2
                            }
                        }
                    ]
                },
                {
                    "type": "minecraft:item",
                    "name": "cobblemon:x_speed",
                    "weight": 25,
                    "quality": 25,
                    "functions": [
                        {
                            "function": "minecraft:set_count",
                            "count": {
                                "type": "minecraft:uniform",
                                "min": 1,
                                "max": 2
                            }
                        }
                    ]
                },
                {
                    "type": "minecraft:item",
                    "name": "cobblemon:x_accuracy",
                    "weight": 25,
                    "quality": 25,
                    "functions": [
                        {
                            "function": "minecraft:set_count",
                            "count": {
                                "type": "minecraft:uniform",
                                "min": 1,
                                "max": 2
                            }
                        }
                    ]
                },
                {
                    "type": "minecraft:item",
                    "name": "cobblemon:dire_hit",
                    "weight": 25,
                    "quality": 25,
                    "functions": [
                        {
                            "function": "minecraft:set_count",
                            "count": {
                                "type": "minecraft:uniform",
                                "min": 1,
                                "max": 2
                            }
                        }
                    ]
                },
                {
                    "type": "minecraft:item",
                    "name": "cobblemon:guard_spec",
                    "weight": 25,
                    "quality": 25,
                    "functions": [
                        {
                            "function": "minecraft:set_count",
                            "count": {
                                "type": "minecraft:uniform",
                                "min": 1,
                                "max": 2
                            }
                        }
                    ]
                }
            ]
        },
        {
            "rolls": {
                "type": "minecraft:uniform",
                "min": 1,
                "max": 2
            },
            "bonus_rolls": {
                "type": "minecraft:uniform",
                "min": 0,
                "max": 1
            },
            "entries": [
                {
                    "type": "minecraft:item",
                    "name": "cobblemon:exp_candy_xs",
                    "weight": 10,
                    "quality": 10,
                    "functions": [
                        {
                            "function": "minecraft:set_count",
                            "count": {
                                "type": "minecraft:uniform",
                                "min": 1,
                                "max": 5
                            }
                        }
                    ]
                },
                {
                    "type": "minecraft:item",
                    "name": "cobblemon:exp_candy_s",
                    "weight": 5,
                    "quality": 5,
                    "functions": [
                        {
                            "function": "minecraft:set_count",
                            "count": {
                                "type": "minecraft:uniform",
                                "min": 1,
                                "max": 4
                            }
                        }
                    ]
                },
                {
                    "type": "minecraft:item",
                    "name": "cobblemon:rare_candy",
                    "weight": 2,
                    "quality": 2,
                    "functions": [
                        {
                            "function": "minecraft:set_count",
                            "count": {
                                "type": "minecraft:uniform",
                                "min": 1,
                                "max": 3
                            }
                        }
                    ]
                }
            ]
        },
        {
            "rolls": {
                "type": "minecraft:uniform",
                "min": 0,
                "max": 2
            },
            "bonus_rolls": {
                "type": "minecraft:uniform",
                "min": 0,
                "max": 1
            },
            "entries": [
                {
                    "type": "minecraft:item",
                    "name": "cobblemon:black_apricorn_seed",
                    "weight": 10,
                    "quality": 10,
                    "functions": [
                        {
                            "function": "minecraft:set_count",
                            "count": {
                                "type": "minecraft:uniform",
                                "min": 1,
                                "max": 3
                            }
                        }
                    ]
                },
                {
                    "type": "minecraft:item",
                    "name": "cobblemon:blue_apricorn_seed",
                    "weight": 10,
                    "quality": 10,
                    "functions": [
                        {
                            "function": "minecraft:set_count",
                            "count": {
                                "type": "minecraft:uniform",
                                "min": 1,
                                "max": 3
                            }
                        }
                    ]
                },
                {
                    "type": "minecraft:item",
                    "name": "cobblemon:green_apricorn_seed",
                    "weight": 10,
                    "quality": 10,
                    "functions": [
                        {
                            "function": "minecraft:set_count",
                            "count": {
                                "type": "minecraft:uniform",
                                "min": 1,
                                "max": 3
                            }
                        }
                    ]
                },
                {
                    "type": "minecraft:item",
                    "name": "cobblemon:pink_apricorn_seed",
                    "weight": 10,
                    "quality": 10,
                    "functions": [
                        {
                            "function": "minecraft:set_count",
                            "count": {
                                "type": "minecraft:uniform",
                                "min": 1,
                                "max": 3
                            }
                        }
                    ]
                },
                {
                    "type": "minecraft:item",
                    "name": "cobblemon:red_apricorn_seed",
                    "weight": 10,
                    "quality": 10,
                    "functions": [
                        {
                            "function": "minecraft:set_count",
                            "count": {
                                "type": "minecraft:uniform",
                                "min": 1,
                                "max": 3
                            }
                        }
                    ]
                },
                {
                    "type": "minecraft:item",
                    "name": "cobblemon:white_apricorn_seed",
                    "weight": 10,
                    "quality": 10,
                    "functions": [
                        {
                            "function": "minecraft:set_count",
                            "count": {
                                "type": "minecraft:uniform",
                                "min": 1,
                                "max": 3
                            }
                        }
                    ]
                },
                {
                    "type": "minecraft:item",
                    "name": "cobblemon:yellow_apricorn_seed",
                    "weight": 10,
                    "quality": 10,
                    "functions": [
                        {
                            "function": "minecraft:set_count",
                            "count": {
                                "type": "minecraft:uniform",
                                "min": 1,
                                "max": 3
                            }
                        }
                    ]
                }
            ]
        },
        {
            "rolls": {
                "type": "minecraft:uniform",
                "min": 1,
                "max": 2
            },
            "bonus_rolls": {
                "type": "minecraft:uniform",
                "min": 0,
                "max": 2
            },
            "entries": [
                {
                    "type": "minecraft:item",
                    "name": "minecraft:bread",
                    "weight": 10,
                    "quality": 10,
                    "functions": [
                        {
                            "function": "minecraft:set_count",
                            "count": {
                                "type": "minecraft:uniform",
                                "min": 1,
                                "max": 3
                            }
                        }
                    ]
                },
                {
                    "type": "minecraft:item",
                    "name": "minecraft:sweet_berries",
                    "weight": 10,
                    "quality": 10,
                    "functions": [
                        {
                            "function": "minecraft:set_count",
                            "count": {
                                "type": "minecraft:uniform",
                                "min": 1,
                                "max": 3
                            }
                        }
                    ]
                },
                {
                    "type": "minecraft:item",
                    "name": "minecraft:apple",
                    "weight": 10,
                    "quality": 10,
                    "functions": [
                        {
                            "function": "minecraft:set_count",
                            "count": {
                                "type": "minecraft:uniform",
                                "min": 1,
                                "max": 3
                            }
                        }
                    ]
                },
                {
                    "type": "minecraft:item",
                    "name": "minecraft:cake",
                    "weight": 10,
                    "quality": 10
                },
                {
                    "type": "minecraft:item",
                    "name": "minecraft:pumpkin_pie",
                    "weight": 10,
                    "quality": 10,
                    "functions": [
                        {
                            "function": "minecraft:set_count",
                            "count": {
                                "type": "minecraft:uniform",
                                "min": 1,
                                "max": 2
                            }
                        }
                    ]
                },
                {
                    "type": "minecraft:item",
                    "name": "minecraft:bread",
                    "weight": 10,
                    "quality": 10,
                    "functions": [
                        {
                            "function": "minecraft:set_count",
                            "count": {
                                "type": "minecraft:uniform",
                                "min": 1,
                                "max": 3
                            }
                        }
                    ]
                }
            ]
        },
        {
            "rolls": {
                "type": "minecraft:uniform",
                "min": 0,
                "max": 1
            },
            "entries": [
                {
                    "type": "minecraft:item",
                    "name": "cobblemon:hp_up",
                    "weight": 25,
                    "quality": 25,
                    "functions": [
                        {
                            "function": "minecraft:set_count",
                            "count": {
                                "type": "minecraft:uniform",
                                "min": 0,
                                "max": 2
                            }
                        }
                    ]
                },
                {
                    "type": "minecraft:item",
                    "name": "cobblemon:protein",
                    "weight": 25,
                    "quality": 25,
                    "functions": [
                        {
                            "function": "minecraft:set_count",
                            "count": {
                                "type": "minecraft:uniform",
                                "min": 0,
                                "max": 2
                            }
                        }
                    ]
                },
                {
                    "type": "minecraft:item",
                    "name": "cobblemon:iron",
                    "weight": 25,
                    "quality": 25,
                    "functions": [
                        {
                            "function": "minecraft:set_count",
                            "count": {
                                "type": "minecraft:uniform",
                                "min": 0,
                                "max": 2
                            }
                        }
                    ]
                },
                {
                    "type": "minecraft:item",
                    "name": "cobblemon:calcium",
                    "weight": 25,
                    "quality": 25,
                    "functions": [
                        {
                            "function": "minecraft:set_count",
                            "count": {
                                "type": "minecraft:uniform",
                                "min": 0,
                                "max": 2
                            }
                        }
                    ]
                },
                {
                    "type": "minecraft:item",
                    "name": "cobblemon:zinc",
                    "weight": 25,
                    "quality": 25,
                    "functions": [
                        {
                            "function": "minecraft:set_count",
                            "count": {
                                "type": "minecraft:uniform",
                                "min": 0,
                                "max": 2
                            }
                        }
                    ]
                },
                {
                    "type": "minecraft:item",
                    "name": "cobblemon:carbos",
                    "weight": 25,
                    "quality": 25,
                    "functions": [
                        {
                            "function": "minecraft:set_count",
                            "count": {
                                "type": "minecraft:uniform",
                                "min": 0,
                                "max": 2
                            }
                        }
                    ]
                },
                {
                    "type": "minecraft:item",
                    "name": "cobblemon:pp_up",
                    "weight": 25,
                    "quality": 25,
                    "functions": [
                        {
                            "function": "minecraft:set_count",
                            "count": {
                                "type": "minecraft:uniform",
                                "min": 0,
                                "max": 2
                            }
                        }
                    ]
                },
                {
                    "type": "minecraft:item",
                    "name": "cobblemon:pp_max",
                    "weight": 10,
                    "quality": 20,
                    "functions": [
                        {
                            "function": "minecraft:set_count",
                            "count": {
                                "type": "minecraft:uniform",
                                "min": 0,
                                "max": 2
                            }
                        }
                    ]
                }
            ]
        }
    ]
}