{
    "type": "minecraft:chest",
    "pools": [
      {
        "rolls": {
          "type": "minecraft:uniform",
          "min": 1,
          "max": 3
        },
        "bonus_rolls": {
          "type": "minecraft:uniform",
          "min": 0,
          "max": 1
        },
        "entries": [
          {
            "type": "minecraft:loot_table",
            "value": "encounters:chests/commum/simple_pokeballs",
            "weight": 10,
            "quality": 10
          }
        ]
      },
      {
        "rolls": {
          "type": "minecraft:uniform",
          "min": 0,
          "max": 2
        },
        "entries": [
          {
            "type": "minecraft:loot_table",
            "value": "encounters:chests/commum/gems",
            "weight": 10,
            "quality": 10
          }
        ]
      },
      {
        "rolls": {
          "type": "minecraft:uniform",
          "min": 1,
          "max": 3
        },
        "bonus_rolls": {
          "type": "minecraft:uniform",
          "min": 0,
          "max": 1
        },
        "entries": [
          {
            "type": "minecraft:item",
            "name": "cobblemon:heavy_ball",
            "weight": 10,
            "quality": 10,
            "functions": [
              {
                "function": "minecraft:set_count",
                "count": {
                  "type": "minecraft:uniform",
                  "min": 1,
                  "max": 3
                }
              }
            ]
          },
          {
            "type": "minecraft:item",
            "name": "cobblemon:dive_ball",
            "weight": 10,
            "quality": 10,
            "functions": [
              {
                "function": "minecraft:set_count",
                "count": {
                  "type": "minecraft:uniform",
                  "min": 1,
                  "max": 3
                }
              }
            ]
          },
          {
            "type": "minecraft:item",
            "name": "cobblemon:luxury_ball",
            "weight": 10,
            "quality": 10,
            "functions": [
              {
                "function": "minecraft:set_count",
                "count": {
                  "type": "minecraft:uniform",
                  "min": 1,
                  "max": 3
                }
              }
            ]
          },
          {
            "type": "minecraft:item",
            "name": "cobblemon:dusk_ball",
            "weight": 10,
            "quality": 10,
            "functions": [
              {
                "function": "minecraft:set_count",
                "count": {
                  "type": "minecraft:uniform",
                  "min": 1,
                  "max": 3
                }
              }
            ]
          },
          {
            "type": "minecraft:item",
            "name": "cobblemon:quick_ball",
            "weight": 10,
            "quality": 10,
            "functions": [
              {
                "function": "minecraft:set_count",
                "count": {
                  "type": "minecraft:uniform",
                  "min": 1,
                  "max": 3
                }
              }
            ]
          }
        ]
      },
      {
        "rolls": {
          "type": "minecraft:uniform",
          "min": 3,
          "max": 10
        },
        "bonus_rolls": {
          "type": "minecraft:uniform",
          "min": 0,
          "max": 1
        },
        "entries": [
          {
            "type": "minecraft:item",
            "name": "cobblemon:revive",
            "weight": 5,
            "quality": 5,
            "functions": [
              {
                "function": "minecraft:set_count",
                "count": {
                  "type": "minecraft:uniform",
                  "min": 1,
                  "max": 2
                }
              }
            ]
          },
          {
            "type": "minecraft:item",
            "name": "cobblemon:hyper_potion",
            "weight": 7,
            "quality": 7,
            "functions": [
              {
                "function": "minecraft:set_count",
                "count": {
                  "type": "minecraft:uniform",
                  "min": 1,
                  "max": 2
                }
              }
            ]
          },
          {
            "type": "minecraft:item",
            "name": "cobblemon:max_potion",
            "weight": 8,
            "quality": 8
          },
          {
            "type": "minecraft:item",
            "name": "cobblemon:full_restore",
            "weight": 5,
            "quality": 5
          },
          {
            "type": "minecraft:item",
            "name": "cobblemon:full_heal",
            "weight": 6,
            "quality": 6,
            "functions": [
              {
                "function": "minecraft:set_count",
                "count": {
                  "type": "minecraft:uniform",
                  "min": 1,
                  "max": 2
                }
              }
            ]
          },
          {
            "type": "minecraft:item",
            "name": "cobblemon:ether",
            "weight": 7,
            "quality": 7,
            "functions": [
              {
                "function": "minecraft:set_count",
                "count": {
                  "type": "minecraft:uniform",
                  "min": 1,
                  "max": 2
                }
              }
            ]
          },
          {
            "type": "minecraft:item",
            "name": "cobblemon:max_ether",
            "weight": 3,
            "quality": 3
          },
          {
            "type": "minecraft:item",
            "name": "cobblemon:elixir",
            "weight": 7,
            "quality": 7,
            "functions": [
              {
                "function": "minecraft:set_count",
                "count": {
                  "type": "minecraft:uniform",
                  "min": 1,
                  "max": 2
                }
              }
            ]
          },
          {
            "type": "minecraft:item",
            "name": "cobblemon:max_elixir",
            "weight": 3,
            "quality": 3
          },
          {
            "type": "minecraft:item",
            "name": "cobblemon:rare_candy",
            "weight": 5,
            "quality": 5,
            "functions": [
              {
                "function": "minecraft:set_count",
                "count": {
                  "type": "minecraft:uniform",
                  "min": 1,
                  "max": 2
                }
              }
            ]
          },
          {
            "type": "minecraft:item",
            "name": "cobblemon:exp_candy_m",
            "weight": 8,
            "quality": 8,
            "functions": [
              {
                "function": "minecraft:set_count",
                "count": {
                  "type": "minecraft:uniform",
                  "min": 1,
                  "max": 3
                }
              }
            ]
          },
          {
            "type": "minecraft:item",
            "name": "cobblemon:exp_candy_l",
            "weight": 5,
            "quality": 5,
            "functions": [
              {
                "function": "minecraft:set_count",
                "count": {
                  "type": "minecraft:uniform",
                  "min": 1,
                  "max": 2
                }
              }
            ]
          },
          {
            "type": "minecraft:item",
            "name": "cobblemon:exp_candy_xl",
            "weight": 3,
            "quality": 3,
            "functions": [
              {
                "function": "minecraft:limit_count",
                "limit": 1
              }
            ]
          },
          {
            "type": "minecraft:item",
            "name": "cobblemon:relic_coin_pouch",
            "weight": 7,
            "quality": 7,
            "functions": [
              {
                "function": "minecraft:set_count",
                "count": {
                  "type": "minecraft:uniform",
                  "min": 1,
                  "max": 4
                }
              }
            ]
          },
          {
            "type": "minecraft:item",
            "name": "cobblemon:relic_coin_sack",
            "weight": 7,
            "quality": 7,
            "functions": [
              {
                "function": "minecraft:set_count",
                "count": {
                  "type": "minecraft:uniform",
                  "min": 1,
                  "max": 2
                }
              }
            ]
          },
          {
            "type": "minecraft:item",
            "name": "minecraft:echo_shard",
            "weight": 5,
            "quality": 5,
            "functions": [
              {
                "function": "minecraft:set_count",
                "count": {
                  "type": "minecraft:uniform",
                  "min": 1,
                  "max": 2
                }
              }
            ]
          },
          {
            "type": "minecraft:item",
            "name": "minecraft:ghast_tear",
            "weight": 9,
            "quality": 9,
            "functions": [
              {
                "function": "minecraft:set_count",
                "count": {
                  "type": "minecraft:uniform",
                  "min": 1,
                  "max": 3
                }
              }
            ]
          },
          {
            "type": "minecraft:item",
            "name": "minecraft:dragon_breath",
            "weight": 4,
            "quality": 4,
            "functions": [
              {
                "function": "minecraft:limit_count",
                "limit": 1
              }
            ]
          },
          {
            "type": "minecraft:item",
            "name": "minecraft:totem_of_undying",
            "weight": 2,
            "quality": 2,
            "functions": [
              {
                "function": "minecraft:limit_count",
                "limit": 1
              }
            ]
          },
          {
            "type": "minecraft:item",
            "name": "minecraft:experience_bottle",
            "weight": 10,
            "quality": 10,
            "functions": [
              {
                "function": "minecraft:set_count",
                "count": {
                  "type": "minecraft:uniform",
                  "min": 1,
                  "max": 5
                }
              }
            ]
          },
          {
            "type": "minecraft:item",
            "name": "minecraft:enchanted_golden_apple",
            "weight": 1,
            "quality": 1,
            "functions": [
              {
                "function": "minecraft:limit_count",
                "limit": 1
              }
            ]
          },
          {
            "type": "minecraft:item",
            "name": "minecraft:wither_skeleton_skull",
            "weight": 2,
            "quality": 2,
            "functions": [
              {
                "function": "minecraft:limit_count",
                "limit": 1
              }
            ]
          },
          {
            "type": "minecraft:item",
            "name": "cobblemon:ability_capsule",
            "weight": 3,
            "quality": 3
          },
          {
            "type": "minecraft:item",
            "name": "cobblemon:link_cable",
            "weight": 8,
            "quality": 8
          },
          {
            "type": "minecraft:item",
            "name": "cobblemon:lucky_egg",
            "weight": 4,
            "quality": 4
          },
          {
            "type": "minecraft:item",
            "name": "minecraft:ender_pearl",
            "weight": 10,
            "quality": 10
          },
          {
            "type": "minecraft:item",
            "name": "minecraft:emerald",
            "weight": 12,
            "quality": 12,
            "functions": [
              {
                "function": "minecraft:set_count",
                "count": {
                  "type": "minecraft:uniform",
                  "min": 1,
                  "max": 3
                }
              }
            ]
          },
          {
            "type": "minecraft:item",
            "name": "minecraft:diamond",
            "weight": 10,
            "quality": 10
          },
          {
            "type": "minecraft:item",
            "name": "minecraft:gold_ingot",
            "weight": 14,
            "quality": 14,
            "functions": [
              {
                "function": "minecraft:set_count",
                "count": {
                  "type": "minecraft:uniform",
                  "min": 1,
                  "max": 3
                }
              }
            ]
          },
          {
            "type": "minecraft:item",
            "name": "minecraft:quartz",
            "weight": 12,
            "quality": 12,
            "functions": [
              {
                "function": "minecraft:set_count",
                "count": {
                  "type": "minecraft:uniform",
                  "min": 1,
                  "max": 2
                }
              }
            ]
          },
          {
            "type": "minecraft:item",
            "name": "minecraft:amethyst_shard",
            "weight": 12,
            "quality": 12,
            "functions": [
              {
                "function": "minecraft:set_count",
                "count": {
                  "type": "minecraft:uniform",
                  "min": 1,
                  "max": 3
                }
              }
            ]
          },
          {
            "type": "minecraft:item",
            "name": "minecraft:prismarine_shard",
            "weight": 12,
            "quality": 12,
            "functions": [
              {
                "function": "minecraft:set_count",
                "count": {
                  "type": "minecraft:uniform",
                  "min": 1,
                  "max": 2
                }
              }
            ]
          },
          {
            "type": "minecraft:item",
            "name": "cobblemon:choice_band",
            "weight": 3,
            "quality": 3
          },
          {
            "type": "minecraft:item",
            "name": "cobblemon:choice_scarf",
            "weight": 3,
            "quality": 3
          },
          {
            "type": "minecraft:item",
            "name": "cobblemon:choice_specs",
            "weight": 3,
            "quality": 3
          },
          {
            "type": "minecraft:item",
            "functions": [
              {
                "decoration": "minecraft:red_x",
                "function": "minecraft:exploration_map",
                "skip_existing_chunks": false,
                "zoom": 1
              },
              {
                "function": "minecraft:set_name",
                "name": {
                  "translate": "filled_map.buried_treasure"
                },
                "target": "item_name"
              },
              {
                "function": "minecraft:limit_count",
                "limit": 1
              }
            ],
            "name": "minecraft:map",
            "weight": 2,
            "quality": 2
          }
        ]
      },
      {
        "rolls": {
          "type": "minecraft:uniform",
          "min": 0,
          "max": 2
        },
        "entries": [
          {
            "type": "minecraft:item",
            "name": "minecraft:enchanted_book",
            "weight": 7,
            "quality": 7,
            "functions": [
              {
                "function": "minecraft:enchant_randomly",
                "only_compatible": true
              }
            ]
          },
          {
            "type": "minecraft:item",
            "name": "minecraft:diamond_sword",
            "weight": 5,
            "quality": 5,
            "functions": [
              {
                "function": "minecraft:enchant_randomly",
                "only_compatible": true
              }
            ]
          },
          {
            "type": "minecraft:item",
            "name": "minecraft:diamond_pickaxe",
            "weight": 5,
            "quality": 5,
            "functions": [
              {
                "function": "minecraft:enchant_randomly",
                "only_compatible": true
              }
            ]
          },
          {
            "type": "minecraft:item",
            "name": "minecraft:diamond_axe",
            "weight": 5,
            "quality": 5,
            "functions": [
              {
                "function": "minecraft:enchant_randomly",
                "only_compatible": true
              }
            ]
          },
          {
            "type": "minecraft:item",
            "name": "minecraft:diamond_pickaxe",
            "weight": 5,
            "quality": 5,
            "functions": [
              {
                "function": "minecraft:enchant_randomly",
                "only_compatible": true
              }
            ]
          },
          {
            "type": "minecraft:item",
            "name": "minecraft:diamond_helmet",
            "weight": 3,
            "quality": 3,
            "functions": [
              {
                "function": "minecraft:enchant_randomly",
                "only_compatible": true
              }
            ]
          },
          {
            "type": "minecraft:item",
            "name": "minecraft:diamond_chestplate",
            "weight": 3,
            "quality": 3,
            "functions": [
              {
                "function": "minecraft:enchant_randomly",
                "only_compatible": true
              }
            ]
          },
          {
            "type": "minecraft:item",
            "name": "minecraft:diamond_leggings",
            "weight": 3,
            "quality": 3,
            "functions": [
              {
                "function": "minecraft:enchant_randomly",
                "only_compatible": true
              }
            ]
          },
          {
            "type": "minecraft:item",
            "name": "minecraft:diamond_boots",
            "weight": 3,
            "quality": 3,
            "functions": [
              {
                "function": "minecraft:enchant_randomly",
                "only_compatible": true
              }
            ]
          }
        ]
      }
    ]
  }