{
    "name": "encounters/catacomb/corridors",
    "fallback": "encounters:catacomb/fallbacks/corridors",
    "elements": [
      {
        "weight": 7,
        "element": {
          "location": "encounters:catacomb/corridors/straight",
          "processors": "minecraft:empty",
          "projection": "rigid",
          "element_type": "minecraft:single_pool_element"
        }
      },
      {
        "weight": 5,
        "element": {
          "location": "encounters:catacomb/corridors/stairs",
          "processors": "minecraft:empty",
          "projection": "rigid",
          "element_type": "minecraft:single_pool_element"
        }
      },
      {
        "weight": 6,
        "element": {
          "location": "encounters:catacomb/corridors/curved",
          "processors": "minecraft:empty",
          "projection": "rigid",
          "element_type": "minecraft:single_pool_element"
        }
      },
      {
        "weight": 6,
        "element": {
          "location": "encounters:catacomb/corridors/end",
          "processors": "minecraft:empty",
          "projection": "rigid",
          "element_type": "minecraft:single_pool_element"
        }
      },
      {
        "weight": 6,
        "element": {
          "location": "encounters:catacomb/corridors/triple_connection",
          "processors": "minecraft:empty",
          "projection": "rigid",
          "element_type": "minecraft:single_pool_element"
        }
      },
      {
        "weight": 4,
        "element": {
          "location": "encounters:catacomb/corridors/trial_spawner_corridor",
          "processors": "minecraft:empty",
          "projection": "rigid",
          "element_type": "minecraft:single_pool_element"
        }
      }
    ]
  }