{
    "name": "encounters/catacomb/loots",
    "fallback": "encounters:catacomb/fallbacks/corridors",
    "elements": [
      {
        "weight": 2,
        "element": {
          "element_type": "minecraft:empty_pool_element"
        }
      },
      {
        "weight": 1,
        "element": {
          "location": "encounters:catacomb/loots/decorated_pot",
          "processors": "minecraft:empty",
          "projection": "rigid",
          "element_type": "minecraft:single_pool_element"
        }
      }
    ]
  }