{
  "target": "cobblemon:bouffalant",
  "drops": {
    "amount": 8,
    "entries": [
      {
        "item": "minecraft:leather",
        "quantityRange": "0-2"
      },
      {
        "item": "minecraft:beef",
        "quantityRange": "1-3"
      },
      {
        "item": "minecraft:brown_wool",
        "quantityRange": "1-2"
      },
      {
        "item": "cobblemon:wepear_berry",
        "percentage": 5.0
      },
      {
        "item": "farmersdelight:ham",
        "quantityRange": "2-4"
      }
    ]
  }
}
