{
    "target": "cobblemon:bronzor",
    "drops": {
      "amount": 5,
      "entries": [
        {
          "item": "minecraft:iron_ingot",
          "quantityRange": "2-5"
        },
        {
          "item": "create:zinc_ingot",
          "percentage": 20.0
        },
        {
          "item": "minecraft:bell"
        },
        {
          "item": "minecraft:raw_iron",
          "quantityRange": "0-1"
        },
        {
          "item": "cobblemon:mental_herb",
          "percentage": 2.5
        },
        {
          "item": "cobblemon:light_clay",
          "percentage": 2.5
        },
        {
          "item": "cobblemon:occa_berry",
          "percentage": 2.5
        }
      ]
    }
  }