{
  "target": "cobblemon:emboar",
  "drops": {
    "amount": 5,
    "entries": [
      {
        "item": "farmersdelight:bacon",
        "quantityRange": "4-5"
      },
      {
        "item": "farmersdelight:bacon_and_eggs",
        "percentage": 10.0
      },
      {
        "item": "farmersdelight:dog_food",
        "percentage": 25.0
      },
      {
        "item": "minecraft:porkchop",
        "quantityRange": "2-4"
      },
      {
        "item": "cobblemon:charcoal_stick",
        "percentage": 25.0
      }
    ]
  }
}
