{
    "target": "cobblemon:hydrapple",
    "drops": {
      "amount": 2,
      "entries": [
        {
          "item": "minecraft:apple",
          "quantityRange": "2-3"
        },
        {
          "item": "minecraft:golden_apple",
          "percentage": 20.0
        },
        {
          "item": "minecraft:enchanted_golden_apple",
          "percentage": 1.0
        },
        {
          "item": "create:honeyed_apple"
        },
        {
          "item": "farmersdelight:apple_pie",
          "quantityRange": "1-2"
        }
      ]
    }
  }