{
    "target": "cobblemon:mismagius",
    "drops": {
      "amount": 3,
      "entries": [
        {
          "item": "minecraft:phantom_membrane",
          "percentage": 5.0
        },
        {
          "item": "cobblemon:spell_tag",
          "percentage": 5.0
        },
        {
          "item": "cobblemon:kasib_berry",
          "percentage": 5.0
        },
        {
          "item": "minecraft:echo_shard",
          "percentage": 10.0
        },
        {
          "item": "minecraft:schulk_sensor",
          "quantityRange": "1-2"
        }
      ]
    }
  }