{
  "target": "cobblemon:piloswine",
  "drops": {
    "amount": 6,
    "entries": [
      {
        "item": "minecraft:porkchop",
        "quantityRange": "1-2"
      },
      {
        "item": "minecraft:brown_wool",
        "quantityRange": "1-2"
      },
      {
        "item": "cobblemon:never_melt_ice",
        "percentage": 5.0
      },
      {
        "item": "cobblemon:aspear_berry",
        "percentage": 5.0
      },
      {
        "item": "farmersdelight:bacon",
        "quantityRange": "2-3"
      }
    ]
  }
}
