{
	"credit": "Made with Blockbench",
	"ambientocclusion": false,
	"parent": "minecraft:block/button",
	"render_type": "minecraft:cutout_mipped",
	"textures": {
		"redstone_antenna": "create:block/redstone_antenna",
		"particle": "create:block/redstone_bridge",
		"redstone_bridge": "create:block/redstone_bridge"
	},
	"elements": [
		{
			"name": "Controller",
			"from": [-0.01, -0.01, 1.99],
			"to": [5.01, 1.01, 14.01],
			"faces": {
				"north": {"uv": [6.5, 7, 7, 9.5], "rotation": 90, "texture": "#redstone_bridge"},
				"east": {"uv": [0, 11.5, 6, 12], "texture": "#redstone_bridge"},
				"south": {"uv": [6.5, 11, 7, 13], "rotation": 90, "texture": "#redstone_bridge"},
				"west": {"uv": [0, 13, 6, 13.5], "texture": "#redstone_bridge"},
				"up": {"uv": [0, 7, 6, 9.5], "rotation": 270, "texture": "#redstone_bridge"},
				"down": {"uv": [5, 0, 11, 6], "rotation": 90, "texture": "#redstone_bridge"}
			}
		},
		{
			"name": "Slot1",
			"from": [0.51, 0.01, 8.51],
			"to": [4.49, 1.02, 12.49],
			"faces": {
				"north": {"uv": [11, 2, 13, 2.5], "texture": "#redstone_bridge"},
				"east": {"uv": [11, 2, 13, 2.5], "texture": "#redstone_bridge"},
				"south": {"uv": [11, 2, 13, 2.5], "texture": "#redstone_bridge"},
				"west": {"uv": [11, 2, 13, 2.5], "texture": "#redstone_bridge"},
				"up": {"uv": [11, 0, 13, 2], "texture": "#redstone_bridge"}
			}
		},
		{
			"name": "Slot2",
			"from": [0.51, 0.01, 3.51],
			"to": [4.49, 1.02, 7.49],
			"faces": {
				"north": {"uv": [11, 2, 13, 2.5], "texture": "#redstone_bridge"},
				"east": {"uv": [11, 2, 13, 2.5], "texture": "#redstone_bridge"},
				"south": {"uv": [11, 2, 13, 2.5], "texture": "#redstone_bridge"},
				"west": {"uv": [11, 2, 13, 2.5], "texture": "#redstone_bridge"},
				"up": {"uv": [13, 0, 15, 2], "texture": "#redstone_bridge"}
			}
		},
		{
			"name": "Connector",
			"from": [3.99, 0.01, 7.01],
			"to": [7.99, 0.49, 8.99],
			"faces": {
				"north": {"uv": [7.5, 6, 11.5, 6.49], "texture": "#redstone_bridge"},
				"east": {"uv": [4, 4, 6, 4.49], "texture": "#redstone_bridge"},
				"south": {"uv": [0.5, 7, 4.5, 7.49], "texture": "#redstone_bridge"},
				"up": {"uv": [4, 0, 6, 4], "rotation": 90, "texture": "#redstone_bridge"},
				"down": {"uv": [4, 0, 6, 4], "rotation": 270, "texture": "#redstone_bridge"}
			}
		},
		{
			"from": [2.5, 5.5, 13.5],
			"to": [0.5, 7.5, 15.5],
			"shade": false,
			"rotation": {"angle": 0, "axis": "y", "origin": [-9, 1, 3]},
			"faces": {
				"north": {"uv": [0, 0, 1, 1], "texture": "#redstone_antenna"},
				"east": {"uv": [0, 0, 1, 1], "texture": "#redstone_antenna"},
				"south": {"uv": [0, 0, 1, 1], "texture": "#redstone_antenna"},
				"west": {"uv": [0, 0, 1, 1], "texture": "#redstone_antenna"},
				"up": {"uv": [0, 0, 1, 1], "texture": "#redstone_antenna"},
				"down": {"uv": [0, 0, 1, 1], "texture": "#redstone_antenna"}
			}
		},
		{
			"from": [1, 0, 14],
			"to": [2, 7, 15],
			"shade": false,
			"rotation": {"angle": 0, "axis": "y", "origin": [-9, -4, 3]},
			"faces": {
				"north": {"uv": [1, 1, 2, 8], "texture": "#redstone_antenna"},
				"east": {"uv": [1, 1, 2, 8], "texture": "#redstone_antenna"},
				"south": {"uv": [1, 1, 2, 8], "texture": "#redstone_antenna"},
				"west": {"uv": [1, 1, 2, 8], "texture": "#redstone_antenna"},
				"up": {"uv": [1, 1, 2, 2], "texture": "#redstone_antenna"},
				"down": {"uv": [1, 9, 2, 10], "texture": "#redstone_antenna"}
			}
		}
	],
	"display": {
		"thirdperson_righthand": {
			"rotation": [75, 45, 0],
			"translation": [0, 5.25, 2.75],
			"scale": [0.6, 0.6, 0.6]
		},
		"thirdperson_lefthand": {
			"rotation": [75, -135, 0],
			"translation": [0, 5.25, 2.75],
			"scale": [0.6, 0.6, 0.6]
		},
		"firstperson_righthand": {
			"rotation": [0, 135, 0],
			"translation": [-1.5, 5.5, -2.5],
			"scale": [0.6, 0.6, 0.6]
		},
		"firstperson_lefthand": {
			"rotation": [0, -45, 0],
			"translation": [-1.5, 5.5, -2.5],
			"scale": [0.6, 0.6, 0.6]
		},
		"ground": {
			"translation": [0, 3, 0],
			"scale": [0.6, 0.6, 0.6]
		},
		"gui": {
			"rotation": [30, 225, 0],
			"translation": [-2.5, 2, 0],
			"scale": [0.8, 0.8, 0.8]
		},
		"head": {
			"translation": [1.75, 14, 0]
		},
		"fixed": {
			"rotation": [-90, 0, 0],
			"translation": [0, 0, -7],
			"scale": [0.6, 0.6, 0.6]
		}
	},
	"groups": [
		0,
		1,
		2,
		3,
		{
			"name": "Torch",
			"origin": [-9, -1, -7],
			"color": 0,
			"children": [4, 5]
		}
	]
}