{
    "type": "create:sequenced_assembly",
    "ingredient": {
      "item": "create:zinc_ingot"
    },
    "loops": 1,
    "results": [
      {
        "count": 4,
        "item": {
          "id": "cobblemon:heavy_ball"
        }
      }
    ],
    "sequence": [
      {
        "type": "create:pressing",
        "ingredients": [
          {
            "item": "create:zinc_ingot"
          }
        ],
        "results": [
          {
            "item": { "id": "create:zinc_ingot" }
          }
        ]
      },
      {
        "type": "create:deploying",
        "ingredients": [
          {
            "item": "create:zinc_ingot"
          },
          {
            "item": "create:zinc_nugget"
          }
        ],
        "results": [
          {
            "item": { "id": "create:zinc_ingot" }
          }
        ]
      },
      {
        "type": "create:deploying",
        "ingredients": [
          {
            "item": "create:zinc_ingot"
          },
          {
            "item": "cobblemon:blue_apricorn"
          }
        ],
        "results": [
          {
            "item": { "id": "create:zinc_ingot" }
          }
        ]
      },
      {
        "type": "create:deploying",
        "ingredients": [
          {
            "item": "create:zinc_ingot"
          },
          {
            "item": "cobblemon:black_apricorn"
          }
        ],
        "results": [
          {
            "item": { "id": "create:zinc_ingot" }
          }
        ]
      }
    ],
    "transitional_item": {
      "item": { "id": "create:zinc_ingot" }
    }
  }
  