{
  "type": "minecraft:chest",
  "pools": [
    {
      "rolls": {
        "type": "minecraft:uniform",
        "min": 3,
        "max": 6
      },
      "entries": [
        {
          "type": "minecraft:item",
          "name": "minecraft:emerald",
          "weight": 9,
          "quality": 9,
          "functions": [
            {
              "function": "minecraft:set_count",
              "count": {
                "type": "minecraft:uniform",
                "min": 1,
                "max": 4
              }
            }
          ]
        },
        {
          "type": "minecraft:item",
          "name": "minecraft:shield",
          "weight": 9,
          "quality": 9,
          "functions": [
            {
              "function": "minecraft:set_damage",
              "damage": {
                "type": "minecraft:uniform",
                "min": 0.4,
                "max": 0.8
              }
            }
          ]
        },
        {
          "type": "minecraft:item",
          "name": "minecraft:bow",
          "weight": 9,
          "quality": 9,
          "functions": [
            {
              "function": "minecraft:set_damage",
              "damage": {
                "type": "minecraft:uniform",
                "min": 0.4,
                "max": 0.9
              }
            },
            {
              "function": "minecraft:limit_count",
              "limit": 1
            },
            {
              "function": "minecraft:enchant_randomly",
              "options": [
                "minecraft:power",
                "minecraft:punch",
                "minecraft:infinity"
              ]
            }
          ]
        },
        {
          "type": "minecraft:item",
          "name": "minecraft:crossbow",
          "weight": 9,
          "quality": 9,
          "functions": [
            {
              "function": "minecraft:set_damage",
              "damage": {
                "type": "minecraft:uniform",
                "min": 0.4,
                "max": 0.8
              }
            },
            {
              "function": "minecraft:limit_count",
              "limit": 1
            },
            {
              "function": "minecraft:enchant_randomly"
            }
          ]
        },
        {
          "type": "minecraft:item",
          "name": "minecraft:iron_axe",
          "weight": 8,
          "quality": 8,
          "functions": [
            {
              "function": "minecraft:set_damage",
              "damage": {
                "type": "minecraft:uniform",
                "min": 0.4,
                "max": 0.8
              }
            },
            {
              "function": "minecraft:limit_count",
              "limit": 1
            },
            {
              "function": "minecraft:enchant_randomly"
            }
          ]
        },
        {
          "type": "minecraft:item",
          "name": "minecraft:iron_chestplate",
          "weight": 8,
          "quality": 8,
          "functions": [
            {
              "function": "minecraft:set_damage",
              "damage": {
                "type": "minecraft:uniform",
                "min": 0.4,
                "max": 0.8
              }
            },
            {
              "function": "minecraft:limit_count",
              "limit": 1
            },
            {
              "function": "minecraft:enchant_randomly"
            },
            {
              "function": "minecraft:set_components",
              "components": {
                "minecraft:trim": {
                  "material": "minecraft:copper",
                  "pattern": "minecraft:bolt",
                  "show_in_tooltip": true
                }
              }
            }
          ]
        },
        {
          "type": "minecraft:item",
          "name": "minecraft:diamond",
          "weight": 7,
          "quality": 7,
          "functions": [
            {
              "function": "minecraft:set_count",
              "count": {
                "type": "minecraft:uniform",
                "min": 1,
                "max": 2
              }
            }
          ]
        },
        {
          "type": "minecraft:item",
          "name": "minecraft:golden_apple",
          "weight": 7,
          "quality": 7,
          "functions": [
            {
              "function": "minecraft:set_count",
              "count": {
                "type": "minecraft:uniform",
                "min": 1,
                "max": 2
              }
            }
          ]
        },
        {
          "type": "minecraft:item",
          "name": "minecraft:enchanted_book",
          "weight": 6,
          "quality": 6,
          "functions": [
            {
              "function": "minecraft:limit_count",
              "limit": 2
            },
            {
              "function": "minecraft:enchant_randomly",
              "options": [
                "minecraft:efficiency",
                "minecraft:looting",
                "minecraft:sharpness",
                "minecraft:sweeping_edge",
                "minecraft:fortune",
                "minecraft:power",
                "minecraft:protection",
                "minecraft:unbreaking"
              ]
            }
          ]
        },
        {
          "type": "minecraft:item",
          "name": "cobblemon:relic_coin_pouch",
          "weight": 10,
          "quality": 10,
          "functions": [
            {
              "function": "minecraft:set_count",
              "count": {
                "type": "minecraft:uniform",
                "min": 5,
                "max": 12
              }
            }
          ]
        },
        {
          "type": "minecraft:item",
          "name": "cobblemon:relic_coin_sack",
          "weight": 8,
          "quality": 8,
          "functions": [
            {
              "function": "minecraft:set_count",
              "count": {
                "type": "minecraft:uniform",
                "min": 5,
                "max": 12
              }
            }
          ]
        },
        {
          "type": "minecraft:item",
          "name": "cobblemon:link_cable",
          "weight": 6,
          "quality": 6
        },
        {
          "type": "minecraft:item",
          "name": "cobblemon:fine_remedy",
          "weight": 6,
          "quality": 6,
          "functions": [
            {
              "function": "minecraft:set_count",
              "count": {
                "type": "minecraft:uniform",
                "min": 1,
                "max": 2
              }
            }
          ]
        },
        {
          "type": "minecraft:item",
          "name": "cobblemon:exp_candy_s",
          "weight": 8,
          "quality": 8,
          "functions": [
            {
              "function": "minecraft:set_count",
              "count": {
                "type": "minecraft:uniform",
                "min": 1,
                "max": 6
              }
            }
          ]
        },
        {
          "type": "minecraft:item",
          "name": "cobblemon:exp_candy_m",
          "weight": 6,
          "quality": 6,
          "functions": [
            {
              "function": "minecraft:set_count",
              "count": {
                "type": "minecraft:uniform",
                "min": 1,
                "max": 5
              }
            }
          ]
        },
        {
          "type": "minecraft:item",
          "name": "cobblemon:exp_candy_l",
          "weight": 5,
          "quality": 5,
          "functions": [
            {
              "function": "minecraft:set_count",
              "count": {
                "type": "minecraft:uniform",
                "min": 1,
                "max": 5
              }
            }
          ]
        },
        {
          "type": "minecraft:item",
          "name": "cobblemon:covert_cloak",
          "weight": 6,
          "quality": 6
        },
        {
          "type": "minecraft:item",
          "name": "cobblemon:reaper_cloth",
          "weight": 6,
          "quality": 6
        },
        {
          "type": "minecraft:item",
          "name": "cobblemon:spell_tag",
          "weight": 6,
          "quality": 6
        }
      ]
    }
  ]
}