{
  "type": "minecraft:chest",
  "pools": [
    {
      "rolls": {
        "type": "minecraft:uniform",
        "min": 2,
        "max": 3
      },
      "entries": [
        {
          "type": "minecraft:item",
          "name": "minecraft:iron_axe",
          "weight": 8,
          "quality": 8,
          "functions": [
            {
              "function": "minecraft:set_damage",
              "damage": {
                "type": "minecraft:uniform",
                "min": 0.4,
                "max": 0.8
              }
            },
            {
              "function": "minecraft:limit_count",
              "limit": 1
            },
            {
              "function": "minecraft:enchant_randomly"
            }
          ]
        },
        {
          "type": "minecraft:item",
          "name": "minecraft:iron_chestplate",
          "weight": 8,
          "quality": 8,
          "functions": [
            {
              "function": "minecraft:set_damage",
              "damage": {
                "type": "minecraft:uniform",
                "min": 0.2,
                "max": 0.8
              }
            },
            {
              "function": "minecraft:limit_count",
              "limit": 1
            },
            {
              "function": "minecraft:enchant_randomly"
            }
          ]
        },
        {
          "type": "minecraft:item",
          "name": "minecraft:diamond",
          "weight": 7,
          "quality": 7,
          "functions": [
            {
              "function": "minecraft:set_count",
              "count": {
                "type": "minecraft:uniform",
                "min": 1,
                "max": 2
              }
            }
          ]
        },
        {
          "type": "minecraft:item",
          "name": "minecraft:golden_apple",
          "weight": 7,
          "quality": 7,
          "functions": [
            {
              "function": "minecraft:set_count",
              "count": {
                "type": "minecraft:uniform",
                "min": 1,
                "max": 2
              }
            }
          ]
        },
        {
          "type": "minecraft:item",
          "name": "minecraft:golden_carrot",
          "weight": 7,
          "quality": 7,
          "functions": [
            {
              "function": "minecraft:set_count",
              "count": {
                "type": "minecraft:uniform",
                "min": 1,
                "max": 4
              }
            }
          ]
        },
        {
          "type": "minecraft:item",
          "name": "minecraft:enchanted_book",
          "weight": 6,
          "quality": 6,
          "functions": [
            {
              "function": "minecraft:limit_count",
              "limit": 2
            },
            {
              "function": "minecraft:enchant_randomly",
              "options": [
                "minecraft:efficiency",
                "minecraft:looting",
                "minecraft:sharpness",
                "minecraft:sweeping_edge",
                "minecraft:fortune",
                "minecraft:power",
                "minecraft:protection",
                "minecraft:unbreaking"
              ]
            }
          ]
        },
        {
          "type": "minecraft:item",
          "name": "minecraft:ominous_bottle",
          "weight": 5,
          "quality": 5
        },
        {
          "type": "minecraft:item",
          "name": "minecraft:trident",
          "weight": 4,
          "quality": 4,
          "functions": [
            {
              "function": "minecraft:set_damage",
              "damage": {
                "type": "minecraft:uniform",
                "min": 0.4,
                "max": 0.7
              }
            },
            {
              "function": "minecraft:enchant_randomly"
            }
          ]
        },
        {
          "type": "minecraft:item",
          "name": "minecraft:trial_key",
          "weight": 3,
          "quality": 3,
          "functions": [
            {
              "function": "minecraft:set_components",
              "components": {
                "minecraft:custom_model_data": 190,
                "minecraft:item_name": "{\"fallback\":\"Catacomb Key\",\"translate\":\"encounters.item.catacomb_key\"}"
              }
            }
          ]
        },
        {
          "type": "minecraft:item",
          "name": "minecraft:ominous_trial_key",
          "weight": 1,
          "quality": 1,
          "functions": [
            {
              "function": "minecraft:set_components",
              "components": {
                "minecraft:custom_model_data": 190,
                "minecraft:item_name": "{\"fallback\":\"Ominous Catacomb Key\",\"translate\":\"encounters.item.ominous_catacomb_key\"}"
              }
            }
          ]
        },
        {
          "type": "minecraft:item",
          "name": "cobblemon:energy_root",
          "weight": 10,
          "quality": 10,
          "functions": [
            {
              "function": "minecraft:set_count",
              "count": {
                "type": "minecraft:uniform",
                "min": 1,
                "max": 3
              }
            }
          ]
        },
        {
          "type": "minecraft:item",
          "name": "cobblemon:revival_herb",
          "weight": 6,
          "quality": 6,
          "functions": [
            {
              "function": "minecraft:set_count",
              "count": {
                "type": "minecraft:uniform",
                "min": 1,
                "max": 2
              }
            }
          ]
        },
        {
          "type": "minecraft:item",
          "name": "cobblemon:relic_coin",
          "weight": 13,
          "quality": 13,
          "functions": [
            {
              "function": "minecraft:set_count",
              "count": {
                "type": "minecraft:uniform",
                "min": 5,
                "max": 12
              }
            }
          ]
        },
        {
          "type": "minecraft:item",
          "name": "cobblemon:relic_coin_pouch",
          "weight": 10,
          "quality": 10,
          "functions": [
            {
              "function": "minecraft:set_count",
              "count": {
                "type": "minecraft:uniform",
                "min": 5,
                "max": 12
              }
            }
          ]
        },
        {
          "type": "minecraft:item",
          "name": "cobblemon:relic_coin_sack",
          "weight": 8,
          "quality": 8,
          "functions": [
            {
              "function": "minecraft:set_count",
              "count": {
                "type": "minecraft:uniform",
                "min": 5,
                "max": 12
              }
            }
          ]
        },
        {
          "type": "minecraft:item",
          "name": "cobblemon:link_cable",
          "weight": 6,
          "quality": 6
        },
        {
          "type": "minecraft:item",
          "name": "cobblemon:remedy",
          "weight": 8,
          "quality": 8,
          "functions": [
            {
              "function": "minecraft:set_count",
              "count": {
                "type": "minecraft:uniform",
                "min": 1,
                "max": 3
              }
            }
          ]
        },
        {
          "type": "minecraft:item",
          "name": "cobblemon:fine_remedy",
          "weight": 6,
          "quality": 6,
          "functions": [
            {
              "function": "minecraft:set_count",
              "count": {
                "type": "minecraft:uniform",
                "min": 1,
                "max": 2
              }
            }
          ]
        },
        {
          "type": "minecraft:item",
          "name": "cobblemon:antidote",
          "weight": 5,
          "quality": 5
        },
        {
          "type": "minecraft:item",
          "name": "cobblemon:awakening",
          "weight": 5,
          "quality": 5
        },
        {
          "type": "minecraft:item",
          "name": "cobblemon:burn_heal",
          "weight": 5,
          "quality": 5
        },
        {
          "type": "minecraft:item",
          "name": "cobblemon:ice_heal",
          "weight": 5,
          "quality": 5
        },
        {
          "type": "minecraft:item",
          "name": "cobblemon:paralyze_heal",
          "weight": 5,
          "quality": 5
        },
        {
          "type": "minecraft:item",
          "name": "cobblemon:ether",
          "weight": 4,
          "quality": 4,
          "functions": [
            {
              "function": "minecraft:set_count",
              "count": {
                "type": "minecraft:uniform",
                "min": 1,
                "max": 2
              }
            }
          ]
        },
        {
          "type": "minecraft:item",
          "name": "cobblemon:elixir",
          "weight": 3,
          "quality": 3,
          "functions": [
            {
              "function": "minecraft:set_count",
              "count": {
                "type": "minecraft:uniform",
                "min": 1,
                "max": 2
              }
            }
          ]
        },
        {
          "type": "minecraft:item",
          "name": "cobblemon:exp_candy_s",
          "weight": 8,
          "quality": 8,
          "functions": [
            {
              "function": "minecraft:set_count",
              "count": {
                "type": "minecraft:uniform",
                "min": 1,
                "max": 6
              }
            }
          ]
        },
        {
          "type": "minecraft:item",
          "name": "cobblemon:exp_candy_m",
          "weight": 6,
          "quality": 6,
          "functions": [
            {
              "function": "minecraft:set_count",
              "count": {
                "type": "minecraft:uniform",
                "min": 1,
                "max": 5
              }
            }
          ]
        },
        {
          "type": "minecraft:item",
          "name": "cobblemon:exp_candy_l",
          "weight": 5,
          "quality": 5,
          "functions": [
            {
              "function": "minecraft:set_count",
              "count": {
                "type": "minecraft:uniform",
                "min": 1,
                "max": 5
              }
            }
          ]
        },
        {
          "type": "minecraft:item",
          "name": "cobblemon:heal_powder",
          "weight": 7,
          "quality": 7,
          "functions": [
            {
              "function": "minecraft:set_count",
              "count": {
                "type": "minecraft:uniform",
                "min": 1,
                "max": 6
              }
            }
          ]
        },
        {
          "type": "minecraft:item",
          "name": "cobblemon:covert_cloak",
          "weight": 6,
          "quality": 6
        },
        {
          "type": "minecraft:item",
          "name": "cobblemon:reaper_cloth",
          "weight": 6,
          "quality": 6
        },
        {
          "type": "minecraft:item",
          "name": "cobblemon:spell_tag",
          "weight": 6,
          "quality": 6
        }
      ]
    }
  ]
}