{
	"credit": "Made with Blockbench",
	"textures": {
		"1": "supplementaries:block/globe_1",
		"2": "supplementaries:block/globe_2",
		"particle": "supplementaries:block/globe_1"
	},
	"elements": [
		{
			"from": [4, 5, 4],
			"to": [12, 13, 12],
			"rotation": {"angle": 0, "axis": "z", "origin": [8, 9, 8]},
			"faces": {
				"north": {"uv": [0, 8, 8, 16], "texture": "#2"},
				"east": {"uv": [8, 0, 16, 8], "rotation": 90, "texture": "#1"},
				"south": {"uv": [0, 8, 8, 16], "texture": "#1"},
				"west": {"uv": [0, 0, 8, 8], "texture": "#2"},
				"up": {"uv": [0, 0, 8, 8], "texture": "#1"},
				"down": {"uv": [8, 0, 16, 8], "texture": "#2"}
			}
		}
	],
	"groups": [
		{
			"name": "group",
			"origin": [15.5, 17, 15.5],
			"children": [0]
		}
	]
}