{
	"credit": "Made with Blockbench",
	"textures": {
		"0": "supplementaries:block/globe_stand",
		"particle": "supplementaries:block/globe_stand"
	},
	"elements": [
		{
			"from": [5, 0, 5],
			"to": [11, 2, 11],
			"rotation": {"angle": 0, "axis": "y", "origin": [8, 9, 8]},
			"faces": {
				"north": {"uv": [0, 0, 6, 2], "texture": "#0"},
				"east": {"uv": [0, 0, 6, 2], "texture": "#0"},
				"south": {"uv": [0, 0, 6, 2], "texture": "#0"},
				"west": {"uv": [0, 0, 6, 2], "texture": "#0"},
				"up": {"uv": [0, 2, 6, 8], "texture": "#0"},
				"down": {"uv": [0, 2, 6, 8], "texture": "#0", "cullface": "down"}
			}
		},
		{
			"from": [8, 4, 7.5],
			"to": [8, 15, 15.5],
			"rotation": {"angle": 22.5, "axis": "x", "origin": [8, 9, 8]},
			"faces": {
				"east": {"uv": [16, 5, 8, 16], "texture": "#0"},
				"west": {"uv": [8, 5, 16, 16], "texture": "#0"}
			}
		},
		{
			"from": [7, 2, 7],
			"to": [9, 4, 9],
			"rotation": {"angle": 0, "axis": "y", "origin": [8, 9, 8]},
			"faces": {
				"north": {"uv": [0, 8, 2, 10], "texture": "#0"},
				"east": {"uv": [0, 8, 2, 10], "texture": "#0"},
				"south": {"uv": [0, 8, 2, 10], "texture": "#0"},
				"west": {"uv": [0, 8, 2, 10], "texture": "#0"},
				"up": {"uv": [0, 10, 2, 12], "texture": "#0"}
			}
		}
	],
	"groups": [
		0,
		{
			"name": "group",
			"origin": [15.5, 17, 15.5],
			"color": 0,
			"children": [1]
		},
		2
	]
}