{
    "enabled": true,
    "neededInstalledMods": [],
    "neededUninstalledMods": [],
    "spawns": [
        {
            "id": "growlithe-hisuian-2",
            "pokemon": "growlithe hisuian=true",
            "type": "pokemon",
            "context": "grounded",
            "bucket": "uncommon",
            "level": "14-37",
            "weight": 10,
            "condition": {
                "biomes": [
                    "#cobblemon:is_coast"
                ]
            }
        }
    ]
}