{
    "enabled": true,
    "neededInstalledMods": [],
    "neededUninstalledMods": [],
    "spawns": [
        {
            "id": "arcanine-hisuian-2",
            "pokemon": "arcanine hisuian=true",
            "type": "pokemon",
            "context": "grounded",
            "bucket": "uncommon",
            "level": "38-57",
            "weight": 5,
            "condition": {
                "biomes": [
                    "#cobblemon:is_coast"
                ]
            }
        }
    ]
}