{
    "enabled": true,
    "neededInstalledMods": [],
    "neededUninstalledMods": [],
    "spawns": [
        {
            "id": "zapdos-1",
            "pokemon": "zapdos",
            "presets": ["natural"],
            "type": "pokemon",
            "context": "grounded",
            "bucket": "ultra-rare",
            "level": "70",
            "weight": 0.5,
            "condition": {
                "canSeeSky": true,
                "biomes": [
                    "minecraft:stony_peaks",
                    "minecraft:jagged_peaks"
                        ],
                "isThundering": true
            }
        }
    ]
}