{
    "enabled": true,
    "neededInstalledMods": [],
    "neededUninstalledMods": [],
    "spawns": [
        {
            "id": "mew-1",
            "pokemon": "mew",
            "presets": [],
            "type": "pokemon",
            "context": "grounded",
            "bucket": "ultra-rare",
            "level": "50",
            "weight": 1,
            "condition": {
                "structures": [
                    "minecraft:jungle_pyramid"
                ]
            }
        }
    ]
}