{
    "enabled": true,
    "neededInstalledMods": [],
    "neededUninstalledMods": [],
    "spawns": [
        {
            "id": "sneasel-hisuian-1",
            "pokemon": "sneasel hisuian=true",
            "presets": [
                "wild"
            ],
            "canSeeSky":"true",
            "type": "pokemon",
            "context": "grounded",
            "bucket": "rare",
            "level": "8-32",
            "weight": 6,
            "condition": {
                "biomes": [
                    "minecraft:jagged_peaks"
                ]
            }
        },
        {
            "id": "sneasel-hisuian-2",
            "pokemon": "sneasel hisuian=true",
            "presets": [
                "wild"
            ],
            "canSeeSky":"true",
            "type": "pokemon",
            "context": "grounded",
            "bucket": "rare",
            "level": "8-32",
            "weight": 6,
            "condition": {
                "biomes": [
                    "minecraft:frozen_peaks"
                ]
            }
        }
    ]
}