{
    "enabled": true,
    "neededInstalledMods": [],
    "neededUninstalledMods": [],
    "spawns": [
        {
            "id": "lugia-1",
            "pokemon": "lugia",
            "presets": [],
            "type": "pokemon",
            "context": "submerged",
            "bucket": "ultra-rare",
            "level": "70",
            "weight": 0.5,
            "condition": {
                "biomes": [
                    "minecraft:deep_ocean"
                ],
                "isRaining": true
            }
        }
    ]
}