{
    "enabled": true,
    "neededInstalledMods": [],
    "neededUninstalledMods": [],
    "spawns": [
        {
            "id": "meditite-1",
            "pokemon": "meditite",
            "presets": [
                "wild"
            ],
            "canSeeSky":"true",
            "type": "pokemon",
            "context": "grounded",
            "bucket": "uncommon",
            "level": "8-36",
            "weight": 4,
            "condition": {
                "timeRange": "day",
                "biomes": [
                    "#cobblemon:is_hills"
                ]
            }
        }
    ]
}