{
    "enabled": true,
    "neededInstalledMods": [],
    "neededUninstalledMods": [],
    "spawns": [
        {
            "id": "medichan-1",
            "pokemon": "medichan",
            "presets": [
                "wild"
            ],
            "canSeeSky":"true",
            "type": "pokemon",
            "context": "grounded",
            "bucket": "uncommon",
            "level": "23-48",
            "weight": 2,
            "condition": {
                "timeRange": "day",
                "biomes": [
                    "#cobblemon:is_hills"
                ]
            }
        }
    ]
}