{
    "enabled": true,
    "neededInstalledMods": [],
    "neededUninstalledMods": [],
    "spawns": [
        {
            "id": "latias-1",
            "pokemon": "latias",
            "canSeeSky":"true",
            "presets": [
                "wild"
            ],
            "type": "pokemon",
            "context": "grounded",
            "bucket": "ultra-rare",
            "level": "50",
            "weight": 1,
            "condition": {
                "biomes": [
                    "#cobblemon:is_beach"
                ],
                "timeRange": "day"
            }
        }
    ]
}