{
    "enabled": true,
    "neededInstalledMods": [],
    "neededUninstalledMods": [],
    "spawns": [
        {
            "id": "groudon-1",
            "pokemon": "groudon",
            "presets": [],
            "type": "pokemon",
            "context": "grounded",
            "bucket": "ultra-rare",
            "level": "70",
            "weight": 0.05,
            "condition": {
                "canSeeSky": true,
                "biomes": [
                    "minecraft:badlands"
                ],
                "isRaining": false,
                "timeRange": "day"
            }
        }
    ]
}