{
    "enabled": true,
    "neededInstalledMods": [],
    "neededUninstalledMods": [],
    "spawns": [
        {
            "id": "bronzong-1",
            "pokemon": "bronzong",
            "presets": [],
            "type": "pokemon",
            "context": "grounded",
            "bucket": "uncommon",
            "level": "27-54",
            "weight": 3,
            "condition": {
                "structures": [
                    "#minecraft:village"
                ]
            }
        },
        {
            "id": "bronzong-2",
            "pokemon": "bronzong",
            "presets": [],
            "type": "pokemon",
            "context": "grounded",
            "bucket": "uncommon",
            "level": "27-54",
            "weight": 3,
            "condition": {
                "canSeeSky": false,
                "minSkyLight": 0,
                "maxSkyLight": 7,
                "biomes": [
                    "#cobblemon:is_cave",
                    "#cobblemon:is_overworld",
                    "#c:underground",
                    "#c:caves"
                ]
            }
        },
        {
            "id": "bronzong-3",
            "pokemon": "bronzong",
            "presets": [],
            "type": "pokemon",
            "context": "grounded",
            "bucket": "uncommon",
            "level": "27-54",
            "weight": 3,
            "condition": {
                "biomes": [
                    "#cobblemon:is_hills"
                ]
            }
        }
    ]
}