{
    "enabled": true,
    "neededInstalledMods": [],
    "neededUninstalledMods": [],
    "spawns": [
        {
            "id": "skorupi-1",
            "pokemon": "skorupi",
            "presets": [
                "wild"
            ],
            "type": "pokemon",
            "context": "grounded",
            "bucket": "common",
            "level": "8-24",
            "weight": 6,
            "condition": {
                "biomes": [
                    "#cobblemon:is_desert"
                ]
            }
        },
        {
            "id": "skorupi-2",
            "pokemon": "skorupi",
            "presets": [
                "wild"
            ],
            "type": "pokemon",
            "context": "grounded",
            "bucket": "common",
            "level": "8-24",
            "weight": 6,
            "condition": {
                "biomes": [
                    "#cobblemon:is_swamp"
                ]
            }
        },
        {
            "id": "skorupi-3",
            "pokemon": "skorupi",
            "presets": [
                "wild"
            ],
            "type": "pokemon",
            "context": "grounded",
            "bucket": "common",
            "level": "8-24",
            "weight": 6,
            "condition": {
                "biomes": [
                    "minecraft:old_growth_taiga"
                ]
            }
        }
    ]
}