{
    "enabled": true,
    "neededInstalledMods": [],
    "neededUninstalledMods": [],
    "spawns": [
        {
            "id": "drapion-1",
            "pokemon": "drapion",
            "presets": [
                "wild"
            ],
            "type": "pokemon",
            "context": "grounded",
            "bucket": "common",
            "level": "21-43",
            "weight": 3,
            "condition": {
                "biomes": [
                    "#cobblemon:is_desert"
                ]
            }
        },
        {
            "id": "drapion-2",
            "pokemon": "drapion",
            "presets": [
                "wild"
            ],
            "type": "pokemon",
            "context": "grounded",
            "bucket": "common",
            "level": "21-43",
            "weight": 3,
            "condition": {
                "biomes": [
                    "#cobblemon:is_swamp"
                ]
            }
        },
        {
            "id": "drapion-3",
            "pokemon": "drapion",
            "presets": [
                "wild"
            ],
            "type": "pokemon",
            "context": "grounded",
            "bucket": "common",
            "level": "21-43",
            "weight": 3,
            "condition": {
                "biomes": [
                    "minecraft:old_growth_taiga"
                ]
            }
        }
    ]
}