{
    "enabled": true,
    "neededInstalledMods": [],
    "neededUninstalledMods": [],
    "spawns": [
        {
            "id": "rotom-1",
            "pokemon": "rotom",
            "presets": [],
            "type": "pokemon",
            "context": "grounded",
            "bucket": "rare",
            "level": "25-37",
            "weight": 3,
            "condition": {
                "structures": [
                    "minecraft:trial_chambers"
                ]
            }
        }
    ]
}