{
    "enabled": "true",
    "neededInstalledMods": [],
    "neededUninstalledMods": [],
    "spawns": [
        {
            "id": "heatran-1",
            "pokemon": "heatran",
            "presets": [ "natural", "wild"],
            "type": "pokemon",
            "context": "grounded",
            "bucket": "ultra-rare",
            "level": "70",
            "weight": 1,
            "condition": {
                "dimensions": [
                   "minecraft:the_nether"
                ]
            }

        }
    ]
}