{
    "enabled": true,
    "neededInstalledMods": [],
    "neededUninstalledMods": [],
    "spawns": [
        {
            "id": "victini-1",
            "pokemon": "victini",
            "presets": [],
            "type": "pokemon",
            "context": "grounded",
            "bucket": "ultra-rare",
            "level": "50",
            "weight": 0.75,
            "condition": {
                "canSeeSky": true,
                "timeRange": "morning"
            }
        }
    ]
}