{
    "enabled": true,
    "neededInstalledMods": [],
    "neededUninstalledMods": [],
    "spawns": [
        {
            "id": "musharna-1",
            "pokemon": "musharna",
            "type": "pokemon",
            "context": "grounded",
            "bucket": "uncommon",
            "level": "20-45",
            "weight": 3.2,
            "condition": {
                "canSeeSky": true,
                "biomes": [
                    "#minecraft:is_overworld"
                ],
                "neededNearbyBlocks": [
                    "#minecraft:beds"
                ]
            }
        }
    ]
}