{
    "enabled": true,
    "neededInstalledMods": [],
    "neededUninstalledMods": [],
    "spawns": [
        {
            "id": "throh-1",
            "pokemon": "throh",
            "presets": [
                "wild"
            ],
            "type": "pokemon",
            "context": "grounded",
            "bucket": "uncommon",
            "level": "23-48",
            "weight": 2,
            "condition": {
                "canSeeSky": false,
                "minSkyLight": 0,
                "maxSkyLight": 7,
                "biomes": [
                    "#cobblemon:is_cave",
                    "#cobblemon:is_overworld",
                    "#c:underground",
                    "#c:caves"
                ],
                "maxY": 0
            }
        }
    ]
}