{
    "enabled": "true",
    "neededInstalledMods": [],
    "neededUninstalledMods": [],
    "spawns": [
        {
            "id": "darumaka-1",
            "pokemon": "darumaka galarian",
            "presets": [
                "natural"
            ],
            "type": "pokemon",
            "context": "grounded",
            "bucket": "uncommon",
            "level": "7-30",
            "weight": 8,
            "condition": {
                "canSeeSky": true,
                "biomes": [
                    "minecraft:frozen_peaks"
                ]
            }
        }
    ]
}