{
    "enabled": "true",
    "neededInstalledMods": [],
    "neededUninstalledMods": [],
    "spawns": [
        {
            "id": "darmanitan-1",
            "pokemon": "darmanitan galarian",
            "presets": [
                "natural"
            ],
            "type": "pokemon",
            "context": "grounded",
            "bucket": "uncommon",
            "level": "35-53",
            "weight": 3,
            "condition": {
                "canSeeSky": true,
                "biomes": [
                    "minecraft:frozen_peaks"
                ]
            }
        }
    ]
}