{
    "enabled": true,
    "neededInstalledMods": [],
    "neededUninstalledMods": [],
    "spawns": [
        {
            "id": "solosis-1",
            "pokemon": "solosis",
            "presets": [
                "trail_ruins"
            ],
            "type": "pokemon",
            "context": "grounded",
            "bucket": "uncommon",
            "level": "20-32",
            "weight": 7,
            "condition": {
                "biomes": [
                    "#cobblemon:is_overworld"
                ],
                "structures": [
                    "minecraft:trail_ruins"
                ]
            },
            "anticondition": {
                "biomes": [
                    "#cobblemon:is_desert"
                ]
            }
        }
    ]
}