{
    "enabled": true,
    "neededInstalledMods": [],
    "neededUninstalledMods": [],
    "spawns": [
        {
            "id": "mandibuzz-1",
            "pokemon": "mandibuzz",
            "presets": [],
            "type": "pokemon",
            "context": "grounded",
            "bucket": "common",
            "level": "10-35",
            "weight": 5,
            "condition": {
                "minSkyLight": 8,
                "maxSkyLight": 15,
                "biomes": [
                    "#minecraft:is_badlands",
                    "#c:mesa"
                ]
            }
        }
    ]
}