{
    "enabled": true,
    "neededInstalledMods": [],
    "neededUninstalledMods": [],
    "spawns": [
        {
            "id": "thundurus-1",
            "pokemon": "thundurus",
            "canSeeSky":"true",
            "presets": [
                "wild"
            ],
            "type": "pokemon",
            "context": "grounded",
            "bucket": "ultra-rare",
            "level": "70",
            "weight": 1,
            "condition": {
                "biomes": [
                    "#cobblemon:is_overworld"
                ],
                "isThundering": true
            }
        }
    ]
}