{
    "enabled": "true",
    "neededInstalledMods": [],
    "neededUninstalledMods": [],
    "spawns": [
        {
            "id": "genesect-1",
            "pokemon": "genesect",
            "type": "pokemon",
            "context": "grounded",
            "bucket": "ultra-rare",
            "level": "48-80",
            "weight": 5.0,
            "condition": {
                "biomes": [
                   "#cobblemon:is_end"
                ]
            }
        }
    ]
}