{
    "enabled": true,
    "neededInstalledMods": [],
    "neededUninstalledMods": [],
    "spawns": [
        {
            "id": "noibat-1",
            "pokemon": "noibat",
            "presets": [],
            "type": "pokemon",
            "context": "grounded",
            "bucket": "rare",
            "level": "20-27",
            "weight": 8,
            "condition": {
                "canSeeSky": false,
                "biomes": [
                    "#cobblemon:is_overworld",
                    "#c:underground",
                    "#c:caves"
                ]
            },
            "anticondition": {
                "biomes": [
                    "#cobblemon:is_deep_dark"
                ]
            }
        },
        {
            "id": "noibat-2",
            "pokemon": "noibat",
            "presets": [],
            "type": "pokemon",
            "context": "grounded",
            "bucket": "rare",
            "level": "25-33",
            "weight": 7,
            "condition": {
                "canSeeSky": false,
                "biomes": [
                    "#cobblemon:is_overworld",
                    "#c:underground",
                    "#c:caves"
                ]
            },
            "anticondition": {
                "biomes": [
                    "#cobblemon:is_deep_dark"
                ]
            }
        }
    ]
}