{
    "enabled": true,
    "neededInstalledMods": [],
    "neededUninstalledMods": [],
    "spawns": [
        {
            "id": "noivern-1",
            "pokemon": "noivern",
            "presets": [],
            "type": "pokemon",
            "context": "grounded",
            "bucket": "rare",
            "level": "40-53",
            "weight": 4,
            "condition": {
                "canSeeSky": false,
                "biomes": [
                    "#cobblemon:is_overworld",
                    "#c:underground",
                    "#c:caves"
                ]
            },
            "anticondition": {
                "biomes": [
                    "#cobblemon:is_deep_dark"
                ]
            }
        },
        {
            "id": "noivern-2",
            "pokemon": "noivern",
            "presets": [],
            "type": "pokemon",
            "context": "grounded",
            "bucket": "rare",
            "level": "45-55",
            "weight": 3,
            "condition": {
                "canSeeSky": false,
                "biomes": [
                    "#cobblemon:is_overworld",
                    "#c:underground",
                    "#c:caves"
                ]
            },
            "anticondition": {
                "biomes": [
                    "#cobblemon:is_deep_dark"
                ]
            }
        }
    ]
}