{
    "enabled": "true",
    "neededInstalledMods": [],
    "neededUninstalledMods": [],
    "spawns": [
        {
            "id": "zygarde-1",
            "pokemon": "zygarde core",
            "presets": ["natural"],
            "type": "pokemon",
            "context": "grounded",
            "bucket": "ultra-rare",
            "level": "70",
            "weight": 0.1,
            "condition": {
                "canSeeSky": false,
                "biomes": [
                    "minecraft:dripstone_caves"
                ]
            }
        }
    ]
}