{
    "enabled": "true",
    "neededInstalledMods": [],
    "neededUninstalledMods": [],
    "spawns": [
        {
            "id": "diancie-1",
            "pokemon": "diancie",
            "presets": ["natural"],
            "type": "pokemon",
            "context": "grounded",
            "bucket": "ultra-rare",
            "level": "70",
            "weight": 0.5,
            "condition": {
                "canSeeSky": false,
                "neededNearbyBlocks": [
                    "minecraft:amethyst_block"
                ]
            }
        }
    ]
}