{
    "enabled": true,
    "neededInstalledMods": [],
    "neededUninstalledMods": [],
    "spawns": [
        {
            "id": "magearna-1",
            "pokemon": "magearna",
            "type": "pokemon",
            "context": "grounded",
            "bucket": "ultra-rare",
            "level": "50",
            "weight": 2.0,
            "condition": {
                "canSeeSky": true,
                "biomes": [
                    "minecraft:taiga"
                ]
            }
        }
    ]
}