{
    "enabled": true,
    "neededInstalledMods": [],
    "neededUninstalledMods": [],
    "spawns": [
        {
            "id": "marshadow-1",
            "pokemon": "marshadow",
            "type": "pokemon",
            "context": "grounded",
            "bucket": "ultra-rare",
            "level": "50",
            "weight": 2.5,
            "condition": {
                "structures": [
                    "minecraft:mansion"
                ]
            }
        },
        {
            "id": "marshadow-1",
            "pokemon": "marshadow",
            "type": "pokemon",
            "context": "grounded",
            "bucket": "ultra-rare",
            "level": "50",
            "weight": 2.5,
            "condition": {
                "canSeeSky": false,
                "biomes": [
                    "minecraft:deep_dark"
                ]
            }
        }
    ]
}