{
    "enabled": true,
    "neededInstalledMods": [],
    "neededUninstalledMods": [],
    "spawns": [
        {
            "id": "poipole-1",
            "pokemon": "poipole",
			"presets": [
                "natural"
            ],
            "type": "pokemon",
            "context": "grounded",
            "bucket": "rare",
            "level": "48-60",
            "weight": 5.8,
            "condition": {
                "canSeeSky": true,
                "biomes": [
                    "ad_astra:lunar_wastelands"
					]
			}
        },
        {
            "id": "poipole-2",
            "pokemon": "poipole",
			"presets": [
                "natural"
            ],
            "type": "pokemon",
            "context": "grounded",
            "bucket": "ultra-rare",
            "level": "48-60",
            "weight": 3,
            "condition": {
                "biomes": [
                   "#cobblemon:is_end"
                ],
            "neededNearbyBlocks": [
                    "minecraft:purpur_block"
					]
			}
		}
	]
}
