{
    "enabled": "true",
    "neededInstalledMods": [],
    "neededUninstalledMods": [],
    "spawns": [
        {
            "id": "stakataka-1",
            "pokemon": "stakataka",
            "type": "pokemon",
            "context": "grounded",
            "bucket": "ultra-rare",
            "level": "50",
            "weight": 3.0,
            "condition": {
                "biomes": [
                   "#cobblemon:is_end"
                ]
            }
        }
    ]
}