{
    "enabled": true,
    "neededInstalledMods": [],
    "neededUninstalledMods": [],
    "spawns": [
        {
            "id": "sinistea-1",
            "pokemon": "sinistea",
            "presets": [],
            "type": "pokemon",
            "context": "grounded",
            "bucket": "uncommon",
            "level": "25-37",
            "weight": 6,
            "condition": {
                "biomes": [
                    "#cobblemon:is_overworld"
                ],
                "structures": [
                    "minecraft:mansion"
                ]
            }
        },
        {
            "id": "sinistea-2",
            "pokemon": "sinistea",
            "presets": [],
            "type": "pokemon",
            "context": "grounded",
            "bucket": "uncommon",
            "level": "25-37",
            "weight": 6,
            "condition": {
                "biomes": [
                    "#cobblemon:is_overworld"
                ],
                "structures": [
                    "minecraft:stronghold"
                ]
            }
        }
    ]
}