{
    "enabled": true,
    "neededInstalledMods": [],
    "neededUninstalledMods": [],
    "spawns": [
        {
            "id": "hattrem-1",
            "pokemon": "hattrem",
            "presets": [
                "wild"
            ],
            "type": "pokemon",
            "context": "grounded",
            "bucket": "uncommon",
            "level": "20-40",
            "weight": 5,
            "condition": {
                "timeRange": "night",
                "biomes": [
                    "#cobblemon:is_spooky"
                ]
            }
        }
    ]
}