{
    "enabled": true,
    "neededInstalledMods": [],
    "neededUninstalledMods": [],
    "spawns": [
        {
            "id": "snom-1",
            "pokemon": "snom",
            "presets": [
                "wild"
            ],
            "type": "pokemon",
            "context": "grounded",
            "bucket": "uncommon",
            "level": "11-35",
            "weight": 5,
            "condition": {
                "timeRange": "night",
                "biomes": [
                    "#cobblemon:is_snowy_forest"
                ]
            }
        }
    ]
}