{
    "enabled": true,
    "neededInstalledMods": [],
    "neededUninstalledMods": [],
    "spawns": [
        {
            "id": "tarountula-1",
            "pokemon": "tarountula",
            "presets": [
                "wild"
            ],
            "type": "pokemon",
            "context": "grounded",
            "bucket": "common",
            "level": "8-24",
            "weight": 9,
            "condition": {
                "biomes": [
                    "#cobblemon:is_jungle"
                ]
            }
        }
    ]
}