{
    "enabled": true,
    "neededInstalledMods": [],
    "neededUninstalledMods": [],
    "spawns": [
        {
            "id": "rabsca-1",
            "pokemon": "rabsca",
            "presets": [
                "wild"
            ],
            "type": "pokemon",
            "context": "grounded",
            "bucket": "uncommon",
            "level": "22-40",
            "weight": 3,
            "condition": {
                "biomes": [
                    "#cobblemon:is_jungle"
                ]
            }
        }
    ]
}