{
    "enabled": true,
    "neededInstalledMods": [],
    "neededUninstalledMods": [],
    "spawns": [
        {
            "id": "greattusk-1",
            "pokemon": "greattusk",
            "type": "pokemon",
            "context": "grounded",
            "bucket": "ultra-rare",
            "level": "50",
            "weight": 10,
            "condition": {
                "canSeeSky": false,
                "biomes": [
                    "minecraft:lush_caves"
                ]
            }
        }
    ]
}