{
    "enabled": true,
    "neededInstalledMods": [],
    "neededUninstalledMods": [],
    "spawns": [
        {
            "id": "ironbundle-1",
            "pokemon": "ironbundle",
            "presets": [],
            "type": "pokemon",
            "context": "grounded",
            "bucket": "ultra-rare",
            "level": "50",
            "weight": 10,
            "condition": {
                "canSeeSky": false,
                "biomes": [
                    "#minecraft:is_end"
                ]
            }
        }
    ]
}