{
    "enabled": "true",
    "neededInstalledMods": [],
    "neededUninstalledMods": [],
    "spawns": [
        {
            "id": "ogerpon-1",
            "pokemon": "ogerpon",
            "type": "pokemon",
            "context": "grounded",
            "bucket": "ultra-rare",
            "level": "60-88",
            "weight": 5.0,
            "condition": {
                "canSeeSky": false,
                "biomes": [
                    "minecraft:lush_caves"
                ]
            }
        }
    ]
}