{
  "values": [
    "minecraft:swamp",
    "minecraft:mangrove_swamp",
    "minecraft:grove",
    "minecraft:taiga",
    "minecraft:plains",
    "minecraft:meadow",
    "minecraft:forest",
    "minecraft:old_growth_spruce_taiga",
    "minecraft:dark_forest",
    "minecraft:old_growth_pine_taiga",
    {
      "id": "natures_spirit:alpine_highlands",
      "required": false
    },
    {
      "id": "natures_spirit:aspen_forest",
      "required": false
    },
    {
      "id": "natures_spirit:shrubland",
      "required": false
    }
  ]
}
