{
  "values": [
    "minecraft:cherry_grove",
    "minecraft:flower_forest",
    "minecraft:meadow",
    "minecraft:forest",
    "minecraft:snowy_taiga",
    "minecraft:birch_forest",
    "minecraft:old_growth_birch_forest",
    "minecraft:jungle",
    "minecraft:swamp",
    "minecraft:badlands",
    {
      "id": "natures_spirit:stratified_desert",
      "required": false
    },
    {
      "id": "natures_spirit:alpine_highlands",
      "required": false
    },
    {
      "id": "natures_spirit:stratified_desert",
      "required": false
    },
    {
      "id": "natures_spirit:heater_fields",
      "required": false
    },
    {
      "id": "natures_spirit:praire",
      "required": false
    },
    {
      "id": "natures_spirit:aspen_forest",
      "required": false
    },
    {
      "id": "natures_spirit:blooming_dunes",
      "required": false
    },
    {
      "id": "natures_spirit:chaprarall",
      "required": false
    },
    {
      "id": "natures_spirit:shrubland",
      "required": false
    },
    {
      "id": "natures_spirit:tundra",
      "required": false
    }
  ]
}
