{
	"credit": "Made with Blockbench",
	"ambientocclusion": false,
	"textures": {
		"particle": "block/smooth_stone",
		"slab": "block/smooth_stone",
		"top": "quark:block/randomizer_on_left",
		"unlit": "block/redstone_torch_off",
		"lit": "block/redstone_torch"
	},
	"elements": [
		{
			"from": [0, 0, 0],
			"to": [16, 2, 16],
			"faces": {
				"north": {"uv": [0, 14, 16, 16], "texture": "#slab", "cullface": "north"},
				"east": {"uv": [0, 14, 16, 16], "texture": "#slab", "cullface": "east"},
				"south": {"uv": [0, 14, 16, 16], "texture": "#slab", "cullface": "south"},
				"west": {"uv": [0, 14, 16, 16], "texture": "#slab", "cullface": "west"},
				"up": {"uv": [0, 0, 16, 16], "texture": "#top"},
				"down": {"uv": [0, 0, 16, 16], "texture": "#slab", "cullface": "down"}
			}
		},
		{
			"from": [2, 7, 7],
			"to": [4, 7, 9],
			"shade": false,
			"faces": {
				"up": {"uv": [7, 6, 9, 8], "texture": "#lit"}
			}
		},
		{
			"from": [6, 2, 6],
			"to": [10, 4, 10],
			"faces": {
				"north": {"uv": [6, 6, 10, 8], "texture": "#top"},
				"east": {"uv": [6, 6, 10, 8], "texture": "#top"},
				"south": {"uv": [6, 6, 10, 8], "texture": "#top"},
				"west": {"uv": [6, 6, 10, 8], "texture": "#top"},
				"up": {"uv": [6, 6, 10, 10], "texture": "#top"}
			}
		},
		{
			"from": [14.5, 4.5, 6.5],
			"to": [11.5, 7.5, 9.5],
			"shade": false,
			"rotation": {"angle": 0, "axis": "y", "origin": [2, 0, -4]},
			"faces": {
				"north": {"uv": [6, 5, 7, 6], "texture": "#unlit"},
				"east": {"uv": [6, 5, 7, 6], "texture": "#unlit"},
				"south": {"uv": [6, 5, 7, 6], "texture": "#unlit"},
				"west": {"uv": [6, 5, 7, 6], "texture": "#unlit"},
				"up": {"uv": [6, 5, 7, 6], "texture": "#unlit"},
				"down": {"uv": [6, 5, 7, 6], "texture": "#unlit"}
			}
		},
		{
			"from": [12, 2, 7],
			"to": [14, 7, 9],
			"shade": false,
			"rotation": {"angle": 0, "axis": "y", "origin": [2, 0, -4]},
			"faces": {
				"north": {"uv": [7, 6, 9, 11], "texture": "#unlit"},
				"east": {"uv": [7, 6, 9, 11], "texture": "#unlit"},
				"south": {"uv": [7, 6, 9, 11], "texture": "#unlit"},
				"west": {"uv": [7, 6, 9, 11], "texture": "#unlit"},
				"up": {"uv": [7, 6, 9, 8], "texture": "#unlit"}
			}
		},
		{
			"from": [4.5, 4.5, 6.5],
			"to": [1.5, 7.5, 9.5],
			"shade": false,
			"rotation": {"angle": 0, "axis": "y", "origin": [-8, 0, -4]},
			"faces": {
				"north": {"uv": [6, 5, 7, 6], "texture": "#lit"},
				"east": {"uv": [6, 5, 7, 6], "texture": "#lit"},
				"south": {"uv": [6, 5, 7, 6], "texture": "#lit"},
				"west": {"uv": [6, 5, 7, 6], "texture": "#lit"},
				"up": {"uv": [6, 5, 7, 6], "texture": "#lit"},
				"down": {"uv": [6, 5, 7, 6], "texture": "#lit"}
			}
		},
		{
			"from": [2, 2, 7],
			"to": [4, 7, 9],
			"shade": false,
			"rotation": {"angle": 0, "axis": "y", "origin": [-8, 0, -4]},
			"faces": {
				"north": {"uv": [7, 6, 9, 11], "texture": "#lit"},
				"east": {"uv": [7, 6, 9, 11], "texture": "#lit"},
				"south": {"uv": [7, 6, 9, 11], "texture": "#lit"},
				"west": {"uv": [7, 6, 9, 11], "texture": "#lit"},
				"up": {"uv": [7, 6, 9, 8], "texture": "#lit"}
			}
		},
		{
			"from": [9.5, 4.5, 11.5],
			"to": [6.5, 7.5, 14.5],
			"shade": false,
			"rotation": {"angle": 0, "axis": "y", "origin": [-3, 0, 1]},
			"faces": {
				"north": {"uv": [6, 5, 7, 6], "texture": "#lit"},
				"east": {"uv": [6, 5, 7, 6], "texture": "#lit"},
				"south": {"uv": [6, 5, 7, 6], "texture": "#lit"},
				"west": {"uv": [6, 5, 7, 6], "texture": "#lit"},
				"up": {"uv": [6, 5, 7, 6], "texture": "#lit"},
				"down": {"uv": [6, 5, 7, 6], "texture": "#lit"}
			}
		},
		{
			"from": [7, 2, 12],
			"to": [9, 7, 14],
			"shade": false,
			"rotation": {"angle": 0, "axis": "y", "origin": [-3, 0, 1]},
			"faces": {
				"north": {"uv": [7, 6, 9, 11], "texture": "#lit"},
				"east": {"uv": [7, 6, 9, 11], "texture": "#lit"},
				"south": {"uv": [7, 6, 9, 11], "texture": "#lit"},
				"west": {"uv": [7, 6, 9, 11], "texture": "#lit"},
				"up": {"uv": [7, 6, 9, 8], "texture": "#lit"}
			}
		}
	],
	"groups": [
		0,
		1,
		2,
		{
			"name": "Torch",
			"origin": [0, 0, 0],
			"color": 0,
			"children": [3, 4]
		},
		{
			"name": "Torch",
			"origin": [0, 0, 0],
			"color": 0,
			"children": [5, 6]
		},
		{
			"name": "Torch",
			"origin": [0, 0, 0],
			"color": 0,
			"children": [7, 8]
		}
	]
}