{
    "enabled": true,
    "neededInstalledMods": [],
    "neededUninstalledMods": [],
    "spawns": [
        {
            "id": "aegislash-in-catacomb",
            "pokemon": "aegislash",
            "presets": [],
            "type": "pokemon",
            "context": "grounded",
            "bucket": "rare",
            "level": "23-52",
            "weight": 2,
            "condition": {
                "structures": [
                    "encounters:catacomb"
                ]
            }
        }
    ]
}