{
    "enabled": true,
    "neededInstalledMods": [],
    "neededUninstalledMods": [],
    "spawns": [
        {
            "id": "doublade-in-catacomb",
            "pokemon": "doublade",
            "presets": [],
            "type": "pokemon",
            "context": "grounded",
            "bucket": "rare",
            "level": "18-42",
            "weight": 5,
            "condition": {
                "structures": [
                    "encounters:catacomb"
                ]
            }
        }
    ]
}