{
    "enabled": false,
    "neededInstalledMods": [],
    "neededUninstalledMods": [],
    "spawns": [
        {
            "id": "greavard-in-catacomb",
            "pokemon": "greavard",
            "presets": [],
            "type": "pokemon",
            "context": "grounded",
            "bucket": "rare",
            "level": "17-41",
            "weight": 6,
            "condition": {
                "structures": [
                    "encounters:catacomb"
                ]
            }
        }
    ]
}