{
    "enabled": true,
    "neededInstalledMods": [],
    "neededUninstalledMods": [],
    "spawns": [
        {
            "id": "haunter-in-catacomb",
            "pokemon": "haunter",
            "presets": [],
            "type": "pokemon",
            "context": "grounded",
            "bucket": "common",
            "level": "15-42",
            "weight": 6,
            "condition": {
                "structures": [
                    "encounters:catacomb"
                ]
            }
        }
    ]
}