{
    "enabled": true,
    "neededInstalledMods": [],
    "neededUninstalledMods": [],
    "spawns": [
        {
            "id": "krookodile-in-catacomb",
            "pokemon": "krookodile",
            "presets": [],
            "type": "pokemon",
            "context": "grounded",
            "bucket": "common",
            "level": "27-51",
            "weight": 3,
            "condition": {
                "structures": [
                    "encounters:catacomb"
                ]
            }
        }
    ]
}