{
    "enabled": true,
    "neededInstalledMods": [],
    "neededUninstalledMods": [],
    "spawns": [
        {
            "id": "lampent-in-catacomb",
            "pokemon": "lampent",
            "presets": [],
            "type": "pokemon",
            "context": "grounded",
            "bucket": "uncommon",
            "level": "13-41",
            "weight": 6,
            "condition": {
                "structures": [
                    "encounters:catacomb"
                ],
                "neededNearbyBlocks": [
                    "#minecraft:candles"
                ]
            }
        }
    ]
}