{
    "enabled": true,
    "neededInstalledMods": [],
    "neededUninstalledMods": [],
    "spawns": [
        {
            "id": "litwick-in-catacomb",
            "pokemon": "litwick",
            "presets": [],
            "type": "pokemon",
            "context": "grounded",
            "bucket": "uncommon",
            "level": "7-37",
            "weight": 8,
            "condition": {
                "structures": [
                    "encounters:catacomb"
                ],
                "neededNearbyBlocks": [
                    "#minecraft:candles"
                ]
            }
        }
    ]
}