{
    "enabled": true,
    "neededInstalledMods": [],
    "neededUninstalledMods": [],
    "spawns": [
        {
            "id": "polteageist-in-catacomb",
            "pokemon": "polteageist",
            "presets": [],
            "type": "pokemon",
            "context": "grounded",
            "bucket": "rare",
            "level": "21-47",
            "weight": 4,
            "condition": {
                "structures": [
                    "encounters:catacomb"
                ]
            }
        }
    ]
}