{
    "enabled": true,
    "neededInstalledMods": [],
    "neededUninstalledMods": [],
    "spawns": [
        {
            "id": "sandile-in-catacomb",
            "pokemon": "sandile",
            "presets": [],
            "type": "pokemon",
            "context": "grounded",
            "bucket": "common",
            "level": "8-31",
            "weight": 7,
            "condition": {
                "structures": [
                    "encounters:catacomb"
                ]
            }
        }
    ]
}