{
    "enabled": true,
    "neededInstalledMods": [],
    "neededUninstalledMods": [],
    "spawns": [
        {
            "id": "spiritomb-in-catacomb",
            "pokemon": "spiritomb",
            "presets": [],
            "type": "pokemon",
            "context": "grounded",
            "bucket": "rare",
            "level": "18-47",
            "weight": 7,
            "condition": {
                "structures": [
                    "encounters:catacomb"
                ]
            }
        }
    ]
}