{
    "enabled": false,
    "neededInstalledMods": [],
    "neededUninstalledMods": [],
    "spawns": [
        {
            "id": "stunfisk-in-catacomb",
            "pokemon": "stunfisk",
            "presets": [],
            "type": "pokemon",
            "context": "grounded",
            "bucket": "uncommon",
            "level": "10-39",
            "weight": 6,
            "condition": {
                "structures": [
                    "encounters:catacomb"
                ]
            }
        }
    ]
}