{
    "enabled": true,
    "neededInstalledMods": [],
    "neededUninstalledMods": [],
    "spawns": [
        {
            "id": "yamask-in-catacomb",
            "pokemon": "yamask",
            "presets": [],
            "type": "pokemon",
            "context": "grounded",
            "bucket": "uncommon",
            "level": "6-27",
            "weight": 8,
            "condition": {
                "structures": [
                    "encounters:catacomb"
                ]
            }
        }
    ]
}