{
	"credit": "Made by ElysiaSilly :D",
	"parent": "block/block",
	"texture_size": [32, 32],
	"textures": {
		"0": "lootr:block/trophy",
		"particle": "lootr:block/trophy"
	},
	"elements": [
		{
			"name": "Right Leg",
			"from": [6, 0, 1],
			"to": [8, 6, 3],
			"rotation": {"angle": 0, "axis": "y", "origin": [0, 0, -9]},
			"faces": {
				"north": {"uv": [9, 10.5, 10, 13.5], "texture": "#0"},
				"south": {"uv": [10, 10.5, 11, 13.5], "texture": "#0"},
				"west": {"uv": [11, 0, 12, 3], "texture": "#0"},
				"down": {"uv": [10, 4, 9, 5], "texture": "#0", "cullface": "down"}
			}
		},
		{
			"name": "Left Leg",
			"from": [8, 0, 1],
			"to": [10, 6, 3],
			"rotation": {"angle": 0, "axis": "y", "origin": [0, 0, -9]},
			"faces": {
				"north": {"uv": [11, 6, 12, 9], "texture": "#0"},
				"east": {"uv": [11, 9, 12, 12], "texture": "#0"},
				"south": {"uv": [0, 11.5, 1, 14.5], "texture": "#0"},
				"down": {"uv": [6, 12, 5, 13], "texture": "#0", "cullface": "down"}
			}
		},
		{
			"name": "Body",
			"from": [6, 11.25, -6.75],
			"to": [10, 17.75, -4.75],
			"rotation": {"angle": 45, "axis": "x", "origin": [0, 0, -9]},
			"faces": {
				"north": {"uv": [6, 5, 8, 8.5], "texture": "#0"},
				"east": {"uv": [7, 10, 8, 13.5], "texture": "#0"},
				"south": {"uv": [8, 5, 10, 8.5], "texture": "#0"},
				"west": {"uv": [8, 10, 9, 13.5], "texture": "#0"},
				"up": {"uv": [14, 2, 12, 1], "texture": "#0", "cullface": "up"},
				"down": {"uv": [14, 2, 12, 3], "texture": "#0"}
			}
		},
		{
			"name": "Right Arm",
			"from": [4, 5.375, 4.5],
			"to": [6, 7.375, 9.5],
			"rotation": {"angle": -22.5, "axis": "x", "origin": [5, 10.875, -2.5]},
			"faces": {
				"north": {"uv": [6, 12, 7, 13], "texture": "#0"},
				"east": {"uv": [11, 3, 13.5, 4], "texture": "#0"},
				"south": {"uv": [12, 6.5, 13, 7.5], "texture": "#0"},
				"west": {"uv": [12, 0, 14.5, 1], "texture": "#0"},
				"up": {"uv": [11, 8.5, 10, 6], "texture": "#0"},
				"down": {"uv": [2, 11.5, 1, 14], "texture": "#0"}
			}
		},
		{
			"name": "Left Arm",
			"from": [10, 1.875, 4],
			"to": [12, 6.875, 6],
			"rotation": {"angle": -22.5, "axis": "x", "origin": [10, 9.875, -1.5]},
			"faces": {
				"north": {"uv": [2, 11.5, 3, 14], "texture": "#0"},
				"east": {"uv": [3, 12, 4, 14.5], "texture": "#0"},
				"south": {"uv": [4, 12, 5, 14.5], "texture": "#0"},
				"west": {"uv": [12, 4, 13, 6.5], "texture": "#0"},
				"up": {"uv": [13, 8.5, 12, 7.5], "texture": "#0"},
				"down": {"uv": [13, 8.5, 12, 9.5], "texture": "#0"}
			}
		},
		{
			"name": "head",
			"from": [6, 17.75, -7.5],
			"to": [10, 21.75, -3.5],
			"rotation": {"angle": 45, "axis": "x", "origin": [0, 0, -9]},
			"faces": {
				"north": {"uv": [9, 0, 11, 2], "texture": "#0"},
				"east": {"uv": [9, 2, 11, 4], "texture": "#0"},
				"south": {"uv": [9, 8.5, 11, 10.5], "texture": "#0"},
				"west": {"uv": [3, 10, 5, 12], "texture": "#0"},
				"up": {"uv": [12, 6, 10, 4], "texture": "#0"},
				"down": {"uv": [7, 10, 5, 12], "texture": "#0"}
			}
		},
		{
			"name": "hinge",
			"from": [7.5, 11, 12],
			"to": [8.5, 11.5, 14],
			"rotation": {"angle": -22.5, "axis": "x", "origin": [8, 5, 13]},
			"faces": {
				"north": {"uv": [11.5, 12, 12, 12.5], "texture": "#0"},
				"east": {"uv": [12, 9.5, 13, 10], "texture": "#0"},
				"south": {"uv": [12, 11.5, 12.5, 12], "texture": "#0"},
				"west": {"uv": [12, 10, 13, 10.5], "texture": "#0"},
				"up": {"uv": [12.5, 11.5, 12, 10.5], "texture": "#0"},
				"down": {"uv": [11.5, 12, 11, 13], "texture": "#0"}
			}
		},
		{
			"name": "Chest floor",
			"from": [5, 0, 7],
			"to": [11, 5, 13],
			"faces": {
				"north": {"uv": [0, 6, 3, 8.5], "texture": "#0"},
				"east": {"uv": [6, 0, 9, 2.5], "texture": "#0"},
				"south": {"uv": [6, 2.5, 9, 5], "texture": "#0"},
				"west": {"uv": [3, 6, 6, 8.5], "texture": "#0"},
				"up": {"uv": [6, 3, 3, 0], "texture": "#0"},
				"down": {"uv": [6, 3, 3, 6], "texture": "#0", "cullface": "down"}
			}
		},
		{
			"name": "Chest Lid",
			"from": [5, 5, 13],
			"to": [11, 11, 16],
			"rotation": {"angle": -22.5, "axis": "x", "origin": [8, 5, 13]},
			"faces": {
				"north": {"uv": [0, 0, 3, 3], "texture": "#0"},
				"east": {"uv": [0, 8.5, 1.5, 11.5], "texture": "#0"},
				"south": {"uv": [0, 3, 3, 6], "texture": "#0"},
				"west": {"uv": [1.5, 8.5, 3, 11.5], "texture": "#0"},
				"up": {"uv": [6, 10, 3, 8.5], "texture": "#0"},
				"down": {"uv": [9, 8.5, 6, 10], "texture": "#0"}
			}
		}
	],
	"display": {
		"thirdperson_righthand": {
			"rotation": [75, 45, 0],
			"translation": [0, 2.5, 0],
			"scale": [0.375, 0.375, 0.375]
		},
		"thirdperson_lefthand": {
			"rotation": [75, 45, 0],
			"translation": [0, 2.5, 0],
			"scale": [0.375, 0.375, 0.375]
		},
		"firstperson_righthand": {
			"rotation": [0, 45, 0],
			"scale": [0.4, 0.4, 0.4]
		},
		"firstperson_lefthand": {
			"rotation": [0, 45, 0],
			"scale": [0.4, 0.4, 0.4]
		},
		"ground": {
			"translation": [0, 3, 0],
			"scale": [0.5, 0.5, 0.5]
		},
		"gui": {
			"rotation": [30, 225, 0],
			"scale": [0.625, 0.625, 0.625]
		},
		"head": {
			"translation": [-0.25, 13, -1],
			"scale": [2.5, 2.5, 2.5]
		},
		"fixed": {
			"rotation": [0, 90, 0]
		}
	},
	"groups": [
		{
			"name": "Player",
			"origin": [8, 8, 8],
			"color": 0,
			"children": [0, 1, 2, 3, 4, 5]
		},
		{
			"name": "Chest",
			"origin": [8, 5, 13],
			"color": 0,
			"children": [6, 7, 8]
		}
	]
}