{
	"credit": "Made with Blockbench",
	"parent": "block/block",
	"textures": {
		"3": "block/chorus_plant_flower_fur",
		"particle": "block/chorus_plant_flower_side",
		"side": "block/chorus_plant_flower_side",
		"top": "block/chorus_plant_flower_top",
		"bottom": "block/chorus_plant_flower_bottom"
	},
	"elements": [
		{
			"name": "Box1",
			"from": [0, 2, 2],
			"to": [16, 14, 14],
			"faces": {
				"north": {"uv": [0, 2, 16, 14], "texture": "#side"},
				"east": {"uv": [2, 2, 14, 14], "texture": "#side"},
				"south": {"uv": [0, 2, 16, 14], "texture": "#side"},
				"west": {"uv": [2, 2, 14, 14], "texture": "#side"},
				"up": {"uv": [0, 2, 16, 14], "texture": "#top"},
				"down": {"uv": [0, 2, 16, 14], "texture": "#bottom"}
			}
		},
		{
			"name": "Box1",
			"from": [2, 2, 0],
			"to": [14, 14, 16],
			"faces": {
				"north": {"uv": [2, 2, 14, 14], "texture": "#side"},
				"east": {"uv": [0, 2, 16, 14], "texture": "#side"},
				"south": {"uv": [2, 2, 14, 14], "texture": "#side"},
				"west": {"uv": [0, 2, 16, 14], "texture": "#side"},
				"up": {"uv": [2, 0, 14, 16], "texture": "#top"},
				"down": {"uv": [2, 0, 14, 16], "texture": "#bottom"}
			}
		},
		{
			"name": "Box1",
			"from": [2, 0, 2],
			"to": [14, 16, 14],
			"faces": {
				"north": {"uv": [2, 0, 14, 16], "texture": "#side"},
				"east": {"uv": [2, 0, 14, 16], "texture": "#side"},
				"south": {"uv": [2, 0, 14, 16], "texture": "#side"},
				"west": {"uv": [2, 0, 14, 16], "texture": "#side"},
				"up": {"uv": [2, 2, 14, 14], "texture": "#top"},
				"down": {"uv": [2, 2, 14, 14], "texture": "#bottom"}
			}
		},
		{
			"from": [1, 15, 8],
			"to": [15, 21, 8],
			"rotation": {"angle": -45, "axis": "y", "origin": [8, 16, 8]},
			"faces": {
				"north": {"uv": [0, 9, 16, 16], "texture": "#3"},
				"east": {"uv": [0, 9, 16, 16], "texture": "#3"},
				"south": {"uv": [0, 9, 16, 16], "texture": "#3"},
				"west": {"uv": [0, 9, 16, 16], "texture": "#3"},
				"up": {"uv": [0, 9, 16, 16], "texture": "#3"},
				"down": {"uv": [0, 9, 16, 16], "texture": "#3"}
			}
		},
		{
			"from": [1, 15, 8],
			"to": [15, 21, 8],
			"rotation": {"angle": 45, "axis": "y", "origin": [8, 16, 8]},
			"faces": {
				"north": {"uv": [0, 9, 16, 16], "texture": "#3"},
				"east": {"uv": [0, 9, 16, 16], "texture": "#3"},
				"south": {"uv": [0, 9, 16, 16], "texture": "#3"},
				"west": {"uv": [0, 9, 16, 16], "texture": "#3"},
				"up": {"uv": [0, 9, 16, 16], "texture": "#3"},
				"down": {"uv": [0, 9, 16, 16], "texture": "#3"}
			}
		}
	]
}