{
    "credit": "Made with Blockbench",
    "textures": {
        "3": "block/chorus_plant",
        "particle": "block/chorus_plant_flower_petal",
        "texture": "block/chorus_plant_flower_petal",
        "center": "block/chorus_plant_flower_center",
        "texture1": "block/chorus_plant_flower_fur"
    },
    "elements": [{
            "from": [4, 12, 4],
            "to": [12, 14, 12],
            "faces": {
                "north": {
                    "uv": [8, 14, 16, 16],
                    "texture": "#center"
                },
                "east": {
                    "uv": [8, 14, 16, 16],
                    "texture": "#center"
                },
                "south": {
                    "uv": [8, 14, 16, 16],
                    "texture": "#center"
                },
                "west": {
                    "uv": [8, 14, 16, 16],
                    "texture": "#center"
                },
                "up": {
                    "uv": [0, 0, 8, 8],
                    "texture": "#center"
                },
                "down": {
                    "uv": [0, 8, 8, 16],
                    "texture": "#center"
                }
            }
        }, {
            "from": [4, 13, 7],
            "to": [12, 14.25, 8],
            "rotation": {
                "angle": 22.5,
                "axis": "x",
                "origin": [8, 2, 8]
            },
            "faces": {
                "north": {
                    "uv": [0, 14, 8, 16],
                    "texture": "#center"
                },
                "east": {
                    "uv": [0, 14, 1, 16],
                    "texture": "#center"
                },
                "south": {
                    "uv": [0, 14, 8, 16],
                    "texture": "#center"
                },
                "west": {
                    "uv": [0, 14, 1, 16],
                    "texture": "#center"
                },
                "up": {
                    "uv": [0, 15, 8, 16],
                    "texture": "#center"
                },
                "down": {
                    "uv": [0, 15, 8, 16],
                    "texture": "#center"
                }
            }
        }, {
            "from": [7, 13, 4],
            "to": [8, 14.25, 12],
            "rotation": {
                "angle": -22.5,
                "axis": "z",
                "origin": [8, 2, 8]
            },
            "faces": {
                "north": {
                    "uv": [0, 14, 1, 16],
                    "texture": "#center"
                },
                "east": {
                    "uv": [0, 14, 8, 16],
                    "texture": "#center"
                },
                "south": {
                    "uv": [0, 14, 1, 16],
                    "texture": "#center"
                },
                "west": {
                    "uv": [0, 14, 8, 16],
                    "texture": "#center"
                },
                "up": {
                    "uv": [0, 15, 8, 16],
                    "rotation": 270,
                    "texture": "#center"
                },
                "down": {
                    "uv": [0, 15, 8, 16],
                    "rotation": 90,
                    "texture": "#center"
                }
            }
        }, {
            "from": [8, 13, 4],
            "to": [9, 14.25, 12],
            "rotation": {
                "angle": 22.5,
                "axis": "z",
                "origin": [8, 2, 8]
            },
            "faces": {
                "north": {
                    "uv": [0, 14, 1, 16],
                    "texture": "#center"
                },
                "east": {
                    "uv": [0, 14, 8, 16],
                    "texture": "#center"
                },
                "south": {
                    "uv": [0, 14, 1, 16],
                    "texture": "#center"
                },
                "west": {
                    "uv": [0, 14, 8, 16],
                    "texture": "#center"
                },
                "up": {
                    "uv": [0, 15, 8, 16],
                    "rotation": 90,
                    "texture": "#center"
                },
                "down": {
                    "uv": [0, 15, 8, 16],
                    "rotation": 270,
                    "texture": "#center"
                }
            }
        }, {
            "from": [4, 13, 8],
            "to": [12, 14.25, 9],
            "rotation": {
                "angle": -22.5,
                "axis": "x",
                "origin": [8, 2, 8]
            },
            "faces": {
                "north": {
                    "uv": [0, 14, 8, 16],
                    "texture": "#center"
                },
                "east": {
                    "uv": [0, 14, 1, 16],
                    "texture": "#center"
                },
                "south": {
                    "uv": [0, 14, 8, 16],
                    "texture": "#center"
                },
                "west": {
                    "uv": [0, 14, 1, 16],
                    "texture": "#center"
                },
                "up": {
                    "uv": [0, 15, 8, 16],
                    "rotation": 180,
                    "texture": "#center"
                },
                "down": {
                    "uv": [0, 15, 8, 16],
                    "rotation": 180,
                    "texture": "#center"
                }
            }
        }, {
            "from": [4.5, 13.125, 16],
            "to": [20.5, 13.126, 32],
            "shade": false,
            "rotation": {
                "angle": 45,
                "axis": "y",
                "origin": [4.5, 1.125, 16]
            },
            "faces": {
                "up": {
                    "uv": [0, 0, 16, 16],
                    "rotation": 180,
                    "texture": "#texture"
                },
                "down": {
                    "uv": [0, 0, 16, 16],
                    "texture": "#texture"
                }
            }
        }, {
            "from": [0, 13.25, 4.5],
            "to": [16, 13.251, 20.5],
            "shade": false,
            "rotation": {
                "angle": -45,
                "axis": "y",
                "origin": [0, 1.25, 4.5]
            },
            "faces": {
                "up": {
                    "uv": [0, 0, 16, 16],
                    "rotation": 180,
                    "texture": "#texture"
                },
                "down": {
                    "uv": [0, 0, 16, 16],
                    "texture": "#texture"
                }
            }
        }, {
            "from": [-4.5, 13.375, -16],
            "to": [11.5, 13.376, 0],
            "shade": false,
            "rotation": {
                "angle": 45,
                "axis": "y",
                "origin": [11.5, 1.375, 0]
            },
            "faces": {
                "up": {
                    "uv": [0, 0, 16, 16],
                    "texture": "#texture"
                },
                "down": {
                    "uv": [0, 0, 16, 16],
                    "rotation": 180,
                    "texture": "#texture"
                }
            }
        }, {
            "from": [0, 13, -4.5],
            "to": [16, 13.001, 11.5],
            "shade": false,
            "rotation": {
                "angle": -45,
                "axis": "y",
                "origin": [16, 1, 11.5]
            },
            "faces": {
                "up": {
                    "uv": [0, 0, 16, 16],
                    "texture": "#texture"
                },
                "down": {
                    "uv": [0, 0, 16, 16],
                    "rotation": 180,
                    "texture": "#texture"
                }
            }
        }, {
            "from": [0.5, 10.77583, -8.95432],
            "to": [16.5, 10.77683, 0.04568],
            "shade": false,
            "rotation": {
                "angle": 22.5,
                "axis": "x",
                "origin": [8, 0, 8]
            },
            "faces": {
                "up": {
                    "uv": [0, 7, 16, 16],
                    "texture": "#texture",
                    "tintindex": 0
                },
                "down": {
                    "uv": [16, 7, 0, 16],
                    "rotation": 180,
                    "texture": "#texture"
                }
            }
        }, {
            "from": [15.5, 10.97583, 0.5],
            "to": [24.5, 10.97683, 16.5],
            "shade": false,
            "rotation": {
                "angle": 22.5,
                "axis": "z",
                "origin": [8, 0, 8]
            },
            "faces": {
                "up": {
                    "uv": [0, 7, 16, 16],
                    "rotation": 90,
                    "texture": "#texture"
                },
                "down": {
                    "uv": [16, 7, 0, 16],
                    "rotation": 90,
                    "texture": "#texture"
                }
            }
        }, {
            "from": [-0.5, 10.77583, 16.05432],
            "to": [15.5, 10.77683, 25.05432],
            "shade": false,
            "rotation": {
                "angle": -22.5,
                "axis": "x",
                "origin": [8, 0, 8]
            },
            "faces": {
                "up": {
                    "uv": [0, 7, 16, 16],
                    "rotation": 180,
                    "texture": "#texture"
                },
                "down": {
                    "uv": [16, 7, 0, 16],
                    "texture": "#texture"
                }
            }
        }, {
            "from": [-8.95432, 10.77583, -0.5],
            "to": [0.04568, 10.77683, 15.5],
            "shade": false,
            "rotation": {
                "angle": -22.5,
                "axis": "z",
                "origin": [8, 0, 8]
            },
            "faces": {
                "up": {
                    "uv": [0, 7, 16, 16],
                    "rotation": 270,
                    "texture": "#texture"
                },
                "down": {
                    "uv": [16, 7, 0, 16],
                    "rotation": 270,
                    "texture": "#texture"
                }
            }
        }, {
            "from": [0.5, 16.44, -12.5],
            "to": [16.5, 16.441, -3.5],
            "shade": false,
            "rotation": {
                "angle": 0,
                "axis": "x",
                "origin": [8, 4.5, -3.25]
            },
            "faces": {
                "up": {
                    "uv": [0, 0, 16, 9],
                    "texture": "#texture"
                },
                "down": {
                    "uv": [16, 0, 0, 9],
                    "rotation": 180,
                    "texture": "#texture"
                }
            }
        }, {
            "from": [19, 16.44, 0.5],
            "to": [28, 16.441, 16.5],
            "shade": false,
            "rotation": {
                "angle": 0,
                "axis": "y",
                "origin": [19.25, 4.5, 8]
            },
            "faces": {
                "up": {
                    "uv": [0, 0, 16, 9],
                    "rotation": 90,
                    "texture": "#texture"
                },
                "down": {
                    "uv": [16, 0, 0, 9],
                    "rotation": 90,
                    "texture": "#texture"
                }
            }
        }, {
            "from": [-0.5, 16.44, 19.6],
            "to": [15.5, 16.441, 28.6],
            "shade": false,
            "rotation": {
                "angle": 0,
                "axis": "y",
                "origin": [8, 4.25, 19]
            },
            "faces": {
                "up": {
                    "uv": [0, 0, 16, 9],
                    "rotation": 180,
                    "texture": "#texture"
                },
                "down": {
                    "uv": [16, 0, 0, 9],
                    "texture": "#texture"
                }
            }
        }, {
            "from": [-12.5, 16.44, -0.5],
            "to": [-3.5, 16.441, 15.5],
            "shade": false,
            "rotation": {
                "angle": 0,
                "axis": "y",
                "origin": [-3.25, 4.5, 8]
            },
            "faces": {
                "up": {
                    "uv": [0, 0, 16, 9],
                    "rotation": 270,
                    "texture": "#texture"
                },
                "down": {
                    "uv": [16, 0, 0, 9],
                    "rotation": 270,
                    "texture": "#texture"
                }
            }
        }, {
            "from": [14, 11, 2],
            "to": [14.001, 18, 18],
            "shade": false,
            "rotation": {
                "angle": -45,
                "axis": "y",
                "origin": [14, 1, 2]
            },
            "faces": {
                "east": {
                    "uv": [0, 9, 16, 16],
                    "texture": "#texture1"
                },
                "west": {
                    "uv": [0, 9, 16, 16],
                    "texture": "#texture1"
                }
            }
        }, {
            "from": [2, 11, 3],
            "to": [2.001, 18, 19],
            "shade": false,
            "rotation": {
                "angle": 45,
                "axis": "y",
                "origin": [2, 1, 2]
            },
            "faces": {
                "east": {
                    "uv": [0, 9, 16, 16],
                    "texture": "#texture1"
                },
                "west": {
                    "uv": [0, 9, 16, 16],
                    "texture": "#texture1"
                }
            }
        }, {
            "from": [4, 4, 4],
            "to": [12, 12, 12],
            "faces": {
                "north": {
                    "uv": [4, 4, 12, 12],
                    "texture": "#3"
                },
                "east": {
                    "uv": [4, 4, 12, 12],
                    "texture": "#3"
                },
                "south": {
                    "uv": [4, 4, 12, 12],
                    "texture": "#3"
                },
                "west": {
                    "uv": [4, 4, 12, 12],
                    "texture": "#3"
                },
                "up": {
                    "uv": [4, 4, 12, 12],
                    "texture": "#3"
                },
                "down": {
                    "uv": [4, 4, 12, 12],
                    "texture": "#3"
                }
            }
        }
    ],
    "groups": [{
            "name": "poppy",
            "origin": [8, 8, 8],
            "color": 0,
            "nbt": "{}",
            "children": [0, 1, 2, 3, 4]
        }, {
            "name": "smallpetals",
            "origin": [8, 8, 8],
            "color": 0,
            "nbt": "{}",
            "children": [5, 6, 7, 8]
        }, {
            "name": "bigpetals",
            "origin": [11, 1, 0.5],
            "color": 0,
            "nbt": "{}",
            "children": [{
                    "name": "body",
                    "origin": [8, 8, 8],
                    "color": 0,
                    "nbt": "{}",
                    "children": [9, 10, 11, 12]
                }, {
                    "name": "head",
                    "origin": [8, 8, 8],
                    "color": 0,
                    "nbt": "{}",
                    "children": [13, 14, 15, 16]
                }
            ]
        }, {
            "name": "bush",
            "origin": [8, 8, 8],
            "color": 0,
            "nbt": "{}",
            "children": [17, 18]
        }, 19]
}
