{
  "id": "cobblemon:floette",
  "speciesId": "cobblemon:floette",
  "displayAspects": [],
  "conditionAspects": [],
  "forms": [
    {
      "displayForm": "Normal",
      "unlockForms": [
        "Normal"
      ]
    }
  ],
  "variations": [
    {
      "displayName": "cobblemon.pokedex.variation.flower",
      "icon": "cobblemon:textures/gui/pokedex/variation/flower.png",
      "aspects": [
        "flower-white",
        "flower-orange",
        "flower-yellow",
        "flower-blue",
        "flower-red",
        "flower-pink",
		"flower-expansion-purple",
		"flower-expansion-black",
		"flower-expansion-green",
		"flower-expansion-cyan",
		"flower-expansion-brown"
      ]
    }
  ]
}
