{
  "type": "create:sequenced_assembly",
  "ingredient": {
    "item": "minecraft:diamond"
  },
  "loops": 2,
  "results": [
    {
      "item": { "id": "cobblemon:beast_ball" },
      "count": 4
    }
  ],
  "sequence": [
    {
      "type": "create:pressing",
      "ingredients": [
        {
          "item": "create:polished_rose_quartz"
        }
      ],
      "results": [
        {
          "item": { "id": "create:polished_rose_quartz" }
        }
      ]
    },
    {
      "type": "create:deploying",
      "ingredients": [
        {
          "item": "minecraft:diamond"
        },
        {
          "item": "create:golden_sheet"
        }
      ],
      "results": [
        {
          "item": { "id": "minecraft:diamond" }
        }
      ]
    },
    {
      "type": "create:deploying",
      "ingredients": [
        {
          "item": "minecraft:diamond"
        },
        {
          "item": "minecraft:echo_shard"
        }
      ],
      "results": [
        {
          "item": { "id": "minecraft:diamond" }
        }
      ]
    }
  ],
  "transitional_item": {
    "item": { "id": "minecraft:diamond" }
  }
}
