{
    "head": "head",
    "portraitScale": 1.5,
    "portraitTranslation": [ 0, 0.3, 0 ],
    "profileScale": 0.6,
    "profileTranslation": [ 0, 1.0, 0 ],
    "poses": {
      "standing": {
        "poseName": "standing",
        "transformTicks": 10,
        "poseTypes": [
          "STAND",
          "NONE",
          "PORTRAIT",
          "PROFILE"
        ],
        "animations": [
          "look",
          "bedrock(pheromosa, ground_idle)"
        ]
      },
      "walking": {
        "poseName": "walking",
        "transformTicks": 10,
        "poseTypes": [ "WALK" ],
        "animations": [ 
          "look",
          "bedrock(pheromosa, ground_walk)"
        ]
      }
    }
  }