{
  "target": "cobblemon:jirachi",
  "implemented": true,
  "baseScale": 0.6,
  "hitbox": {
    "width": 1,
    "height": 1.2,
    "fixed": false
  },
  "behaviour": {
    "moving": {
      "walk": {
        "walkSpeed": 0.42
      }
    },
    "swim": {
      "canSwimInWater": true,
      "canBreatheUnderwater": true
    },
    "resting": {
      "canSleep": true,
      "willSleepOnBed": true,
      "light": "0-4"
    }
  },
  "drops": {
    "amount": "3",
    "entries": [
      {
        "item": "minecraft:bell",
        "percentage": 25.0
      },
      {
        "item": "minecraft:end_crystal",
        "percentage": 10.0
      },
      {
        "item": "minecraft:enchanted_golden_apple",
        "percentage": 5.0
      },
      {
        "item": "minecraft:diamond",
        "quantityRange": "1-2"
      },
      {
        "item": "minecraft:experience_bottle",
        "percentage": 25.0
      },
      {
        "item": "create:experience_block",
        "quantityRange": "3-5",
        "percentage": 25.0
      }
    ]
  }
}
