{
    "name": "encounters:pokemon_camps/tents",
    "fallback": "minecraft:empty",
    "elements": [
        {
            "weight": 2,
            "element": {
                "element_type": "minecraft:empty_pool_element"
            }
        },
        {
            "weight": 1,
            "element": {
                "location": "encounters:pokemon_camps/tents/tent_1",
                "processors": "minecraft:empty",
                "projection": "rigid",
                "element_type": "minecraft:single_pool_element"
            }
        },
        {
            "weight": 1,
            "element": {
                "location": "encounters:pokemon_camps/tents/tent_2",
                "processors": "minecraft:empty",
                "projection": "rigid",
                "element_type": "minecraft:single_pool_element"
            }
        },
        {
            "weight": 1,
            "element": {
                "location": "encounters:pokemon_camps/tents/tent_3",
                "processors": "minecraft:empty",
                "projection": "rigid",
                "element_type": "minecraft:single_pool_element"
            }
        },
        {
            "weight": 1,
            "element": {
                "location": "encounters:pokemon_camps/tents/tent_4",
                "processors": "minecraft:empty",
                "projection": "rigid",
                "element_type": "minecraft:single_pool_element"
            }
        },
        {
            "weight": 1,
            "element": {
                "location": "encounters:pokemon_camps/tents/tent_5",
                "processors": "minecraft:empty",
                "projection": "rigid",
                "element_type": "minecraft:single_pool_element"
            }
        }
    ]
}