{
    "enabled": true,
    "neededInstalledMods": [],
    "neededUninstalledMods": [],
    "spawns": [
        {
            "id": "meowth-nearby-pokemon-camp",
            "pokemon": "meowth",
            "presets": [
                "natural",
                "pokemon_camps"
            ],
            "type": "pokemon",
            "context": "grounded",
            "bucket": "common",
            "level": "13-32",
            "weight": 8,
            "condition": {
                "structures": [
                    "encounters:pokemon_camps"
                ],
                "neededNearbyBlocks": [
                    "#minecraft:campfires",
                    "farmersdelight:cooking_pot"
                ],
                "minSkyLight": 8,
                "maxSkyLight": 15
            }
        },
        {
            "id": "meowth-galarian-nearby-pokemon-camp",
            "pokemon": "meowth-galarian",
            "presets": [
                "natural",
                "pokemon_camps"
            ],
            "type": "pokemon",
            "context": "grounded",
            "bucket": "common",
            "level": "13-32",
            "weight": 6,
            "condition": {
                "structures": [
                    "encounters:pokemon_camps"
                ],
                "neededNearbyBlocks": [
                    "#minecraft:campfires",
                    "farmersdelight:cooking_pot"
                ],
                "minSkyLight": 8,
                "maxSkyLight": 15
            }
        }
    ]
}