{
    "enabled": true,
    "neededInstalledMods": [],
    "neededUninstalledMods": [],
    "spawns": [
        {
            "id": "ralts-nearby-pokemon-camp",
            "pokemon": "ralts",
            "presets": [
                "natural",
                "pokemon_camps"
            ],
            "type": "pokemon",
            "context": "grounded",
            "bucket": "uncommon",
            "level": "8-31",
            "weight": 5,
            "condition": {
                "structures": [
                    "encounters:pokemon_camps"
                ],
                "neededNearbyBlocks": [
                    "#minecraft:campfires",
                    "farmersdelight:cooking_pot"
                ]
            }
        }
    ]
}