{
    "enabled": true,
    "neededInstalledMods": [],
    "neededUninstalledMods": [],
    "spawns": [
        {
            "id": "murkrow-nearby-pokemon-camp",
            "pokemon": "murkrow",
            "presets": [
                "natural",
                "treetop"
            ],
            "type": "pokemon",
            "context": "grounded",
            "bucket": "common",
            "level": "13-29",
            "weight": 6,
            "condition": {
                "structures": [
                    "encounters:pokemon_camps"
                ],
                "neededNearbyBlocks": [
                    "#minecraft:campfires",
                    "farmersdelight:cooking_pot"
                ],
                "timeRange": "night"
            }
        }
    ]
}