{
    "enabled": true,
    "neededInstalledMods": [],
    "neededUninstalledMods": [],
    "spawns": [
        {
            "id": "budew-nearby-pokemon-camp",
            "pokemon": "budew",
            "presets": [
                "natural",
                "pokemon_camps"
            ],
            "type": "pokemon",
            "context": "grounded",
            "bucket": "common",
            "level": "8-29",
            "weight": 7,
            "condition": {
                "structures": [
                    "encounters:pokemon_camps"
                ],
                "neededNearbyBlocks": [
                    "#minecraft:campfires",
                    "farmersdelight:cooking_pot"
                ],
                "minSkyLight": 8,
                "maxSkyLight": 15
            }
        }
    ]
}