{
	"format_version": "1.8.0",
	"animations": {
		"animation.jirachi.render": {
			"loop": true,
			"bones": {
				"head": {
					"rotation": [2.49527, 0.21782, -2.4905]
				},
				"head_bone_right": {
					"rotation": [2.5, 0, 0]
				},
				"head_bone_right2": {
					"rotation": [-2.5, 0, 7.5]
				},
				"head_bone_left2": {
					"rotation": [-10, 0, -15]
				},
				"right_ruban": {
					"rotation": [-42.5, 0, -22.5]
				},
				"right_ruban2": {
					"rotation": [-15, 0, 0]
				},
				"left_ruban": {
					"rotation": [-37.5, 0, -17.5]
				},
				"left_ruban2": {
					"rotation": [-17.5, 0, 0]
				},
				"front_ruban": {
					"rotation": [27.52235, -2.21738, -1.15495]
				},
				"front_ruban2": {
					"rotation": [10, -2.5, 0]
				},
				"torso": {
					"rotation": [2.5, 0, 0]
				},
				"torso2": {
					"rotation": [5, 0, 0]
				},
				"body": {
					"rotation": [-9.98107, -0.43523, -4.98107],
					"position": [0, 6, 0]
				},
				"left_arm": {
					"rotation": [-7.49294, -0.32621, 12.52136]
				},
				"left_arm2": {
					"rotation": [0, 0, 5]
				},
				"left_hand": {
					"rotation": [0, 12.5, 7.5]
				},
				"left_finger": {
					"rotation": [0, 2.5, 0]
				},
				"left_finger2": {
					"rotation": [0, 15, 0]
				},
				"left_leg": {
					"rotation": [-14.13272, -5.07855, -19.37006]
				},
				"right_back_ruban": {
					"rotation": [-10, 0, 0]
				},
				"right_back_ruban2": {
					"rotation": [0, -10, 0]
				},
				"right_back_ruban3": {
					"rotation": [-7.7614, -14.8687, 2.00307]
				},
				"right_back_ruban4": {
					"rotation": [-2.56062, -12.48791, 0.55404]
				},
				"right_back_ruban5": {
					"rotation": [-5.03852, -9.99038, 0.44067]
				},
				"left_back_ruban": {
					"rotation": [-22.5, 25, 0]
				},
				"left_back_ruban3": {
					"rotation": [-7.67995, 12.39135, -1.6575]
				},
				"left_back_ruban4": {
					"rotation": [-2.56062, 12.48791, -0.55404]
				},
				"left_back_ruban5": {
					"rotation": [-5.03852, 9.99038, -0.44067]
				},
				"right_leg": {
					"rotation": [-7.5, 0, 27.5]
				},
				"right_arm": {
					"rotation": [0, 0, -22.5]
				},
				"right_hand": {
					"rotation": [0, -20, 0]
				},
				"right_finger2": {
					"rotation": [0, -10, 0]
				}
			}
		},
		"animation.jirachi.ground_walk": {
			"loop": true,
			"bones": {
				"jirachi": {
					"rotation": [15, 0, 0],
					"position": [0, "5+math.sin(q.anim_time *90)", 1]
				},
				"head": {
					"rotation": [-5, 0, 0]
				},
				"head_bone_right": {
					"rotation": [-5, 0, 0]
				},
				"head_bone_left": {
					"rotation": [-5, 0, 0]
				},
				"right_ruban": {
					"rotation": [-7.5, 0, 0]
				},
				"right_ruban2": {
					"rotation": [15, 0, 0]
				},
				"left_ruban": {
					"rotation": [-7.5, 0, 0]
				},
				"left_ruban2": {
					"rotation": [15, 0, 0]
				},
				"front_ruban": {
					"rotation": [55, 0, 0]
				},
				"front_ruban2": {
					"rotation": [-15, 0, 0]
				},
				"left_arm": {
					"rotation": [0, -27.5, 17.5]
				},
				"left_hand": {
					"rotation": [0, 12.5, 0]
				},
				"left_finger2": {
					"rotation": [0, 15, 0]
				},
				"right_arm": {
					"rotation": [0, 27.5, -17.5]
				},
				"right_hand": {
					"rotation": [0, -12.5, 0]
				},
				"right_finger2": {
					"rotation": [0, -15, 0]
				},
				"right_back_ruban": {
					"rotation": [0, -20, 0]
				},
				"right_back_ruban2": {
					"rotation": [0, -12.5, 0]
				},
				"right_back_ruban3": {
					"rotation": [5, -17.5, 0]
				},
				"right_back_ruban4": {
					"rotation": [2.5, -12.5, 0]
				},
				"right_back_ruban5": {
					"rotation": [5, 0, 0]
				},
				"left_back_ruban": {
					"rotation": [0, 20, 0]
				},
				"left_back_ruban2": {
					"rotation": [0, 12.5, 0]
				},
				"left_back_ruban3": {
					"rotation": [5, 17.5, 0]
				},
				"left_back_ruban4": {
					"rotation": [2.5, 12.5, 0]
				},
				"left_back_ruban5": {
					"rotation": [5, 0, 0]
				},
				"left_leg": {
					"rotation": [17.35932, 2.24944, -7.15656]
				},
				"right_leg": {
					"rotation": [17.35932, -2.24944, 7.15656]
				}
			}
		},
		"animation.jirachi.ground_idle": {
			"loop": true,
			"animation_length": 4,
			"bones": {
				"jirachi": {
					"position": [0, 3, 0]
				},
				"torso": {
					"rotation": [12.5, 0, 0]
				},
				"head": {
					"rotation": [5, 0, 0]
				},
				"head_bone_right": {
					"rotation": [-12.39638, 1.61888, 7.32417]
				},
				"head_bone_left": {
					"rotation": [-12.39638, -1.61888, -7.32417]
				},
				"right_ruban": {
					"rotation": [-25, 0, 0]
				},
				"right_ruban2": {
					"rotation": [-15, 0, 0]
				},
				"left_ruban": {
					"rotation": [-25, 0, 0]
				},
				"left_ruban2": {
					"rotation": [-15, 0, 0]
				},
				"front_ruban": {
					"rotation": [57.5, 0, 0]
				},
				"front_ruban2": {
					"rotation": [-15, 0, 0]
				},
				"left_arm": {
					"rotation": [0, 22.5, 17.5],
					"position": [0.6, 0, -0.2]
				},
				"left_hand": {
					"rotation": [0, 17.5, 0]
				},
				"left_finger2": {
					"rotation": [0, 17.5, 0]
				},
				"right_arm": {
					"rotation": [0, -22.5, -32.5]
				},
				"right_hand": {
					"rotation": [0, -17.5, 0]
				},
				"right_finger2": {
					"rotation": [0, -17.5, 0]
				},
				"right_back_ruban": {
					"rotation": [-17.5, -32.5, 0]
				},
				"right_back_ruban4": {
					"rotation": [0, -15, 0]
				},
				"right_back_ruban5": {
					"rotation": [0, -10, 0]
				},
				"left_back_ruban": {
					"rotation": [-17.5, 32.5, 0]
				},
				"left_back_ruban3": {
					"rotation": [0, 12.5, 0]
				},
				"left_back_ruban4": {
					"rotation": [0, 15, 0]
				},
				"left_back_ruban5": {
					"rotation": [0, 10, 0]
				},
				"left_leg": {
					"rotation": [-14.33501, -4.46375, -16.93839]
				},
				"right_leg": {
					"rotation": [-14.33501, 4.46375, 16.93839]
				},
				"body": {
					"rotation": ["-7.5-math.cos(q.anim_time*90*2+70)", 0, 0],
					"position": [0, "-math.cos(q.anim_time*90*2)/2", 0]
				}
			}
		},
		"animation.jirachi.blink": {
			"animation_length": 0.2083,
			"bones": {
				"right_eyelid": {
					"position": {
						"0.0": [0, 0, -1],
						"0.1667": [0, 0, 0],
						"0.2083": [0, 0, -1]
					}
				},
				"left_eyelid": {
					"position": {
						"0.0": [0, 0, -1],
						"0.1667": [0, 0, 0],
						"0.2083": [0, 0, -1]
					}
				}
			}
		},
		"animation.jirachi.sleep": {
			"loop": true,
			"bones": {
				"jirachi": {
					"rotation": [-85, 0, 0],
					"position": [0, 4.4, -5]
				},
				"torso": {
					"rotation": [2.5, 0, 0]
				},
				"head": {
					"rotation": [12.5, 7.5, 0]
				},
				"head_bone_right": {
					"rotation": [0, 0, 12.5]
				},
				"head_bone_right2": {
					"rotation": [25, 0, 0]
				},
				"head_bone_left": {
					"rotation": [0, 0, -12.5]
				},
				"head_bone_left2": {
					"rotation": [25, 0, 0]
				},
				"right_ruban2": {
					"rotation": [42.5, 0, 0]
				},
				"left_ruban2": {
					"rotation": [50, 0, 0]
				},
				"front_ruban": {
					"rotation": [57.5, 0, 0]
				},
				"front_ruban2": {
					"rotation": [32.5, 0, 0]
				},
				"right_eyelid": {
					"position": [0, 0, -1]
				},
				"left_eyelid": {
					"position": [0, 0, -1]
				},
				"left_arm": {
					"rotation": [15.22074, -9.65594, 19.88702]
				},
				"left_hand": {
					"rotation": [2.53852, 9.99038, 0.44067]
				},
				"left_finger": {
					"rotation": [0, 0, 12.5]
				},
				"left_finger2": {
					"rotation": [0, 0, 27.5]
				},
				"left_finger3": {
					"rotation": [57.5, 0, 0]
				},
				"right_arm": {
					"rotation": [15.22074, 9.65594, -19.88702]
				},
				"right_hand": {
					"rotation": [2.53852, -9.99038, -0.44067]
				},
				"right_back_ruban": {
					"rotation": [0, -62.5, 0]
				},
				"right_back_ruban2": {
					"rotation": [0, -32.5, 0]
				},
				"right_back_ruban4": {
					"rotation": [0, -30, 0]
				},
				"right_back_ruban5": {
					"rotation": [0, -42.5, 0]
				},
				"left_back_ruban": {
					"rotation": [0, 62.5, 0]
				},
				"left_back_ruban2": {
					"rotation": [0, 32.5, 0]
				},
				"left_back_ruban4": {
					"rotation": [0, 30, 0]
				},
				"left_back_ruban5": {
					"rotation": [0, 42.5, 0]
				},
				"left_leg": {
					"rotation": [17.5, 0, -32.5]
				},
				"right_leg": {
					"rotation": [17.5, 0, 32.5]
				}
			}
		}
	}
}