{
    "providers": [
        {
            "type": "bitmap",
            "file": "minecraft:item/black_dye.png",
			"ascent": 8,
			"height": 9,
			"chars": [
				"\uEA90"
			]
        },
        {
            "type": "bitmap",
            "file": "minecraft:item/blue_dye.png",
			"ascent": 8,
			"height": 9,
			"chars": [
				"\uEA91"
			]
        },
        {
            "type": "bitmap",
            "file": "minecraft:item/brown_dye.png",
			"ascent": 8,
			"height": 9,
			"chars": [
				"\uEA92"
			]
        },
        {
            "type": "bitmap",
            "file": "minecraft:item/cyan_dye.png",
			"ascent": 8,
			"height": 9,
			"chars": [
				"\uEA93"
			]
        },
        {
            "type": "bitmap",
            "file": "minecraft:item/gray_dye.png",
			"ascent": 8,
			"height": 9,
			"chars": [
				"\uEA94"
			]
        },
        {
            "type": "bitmap",
            "file": "minecraft:item/green_dye.png",
			"ascent": 8,
			"height": 9,
			"chars": [
				"\uEA95"
			]
        },
        {
            "type": "bitmap",
            "file": "minecraft:item/light_blue_dye.png",
			"ascent": 8,
			"height": 9,
			"chars": [
				"\uEA96"
			]
        },
        {
            "type": "bitmap",
            "file": "minecraft:item/light_gray_dye.png",
			"ascent": 8,
			"height": 9,
			"chars": [
				"\uEA97"
			]
        },
        {
            "type": "bitmap",
            "file": "minecraft:item/lime_dye.png",
			"ascent": 8,
			"height": 9,
			"chars": [
				"\uEA98"
			]
        },
        {
            "type": "bitmap",
            "file": "minecraft:item/magenta_dye.png",
			"ascent": 8,
			"height": 9,
			"chars": [
				"\uEA99"
			]
        },
        {
            "type": "bitmap",
            "file": "minecraft:item/orange_dye.png",
			"ascent": 8,
			"height": 9,
			"chars": [
				"\uEA9A"
			]
        },
        {
            "type": "bitmap",
            "file": "minecraft:item/pink_dye.png",
			"ascent": 8,
			"height": 9,
			"chars": [
				"\uEA9B"
			]
        },
        {
            "type": "bitmap",
            "file": "minecraft:item/purple_dye.png",
			"ascent": 8,
			"height": 9,
			"chars": [
				"\uEA9C"
			]
        },
        {
            "type": "bitmap",
            "file": "minecraft:item/red_dye.png",
			"ascent": 8,
			"height": 9,
			"chars": [
				"\uEA9D"
			]
        },
        {
            "type": "bitmap",
            "file": "minecraft:item/white_dye.png",
			"ascent": 8,
			"height": 9,
			"chars": [
				"\uEA9E"
			]
        },
        {
            "type": "bitmap",
            "file": "minecraft:item/yellow_dye.png",
			"ascent": 8,
			"height": 9,
			"chars": [
				"\uEA9F"
			]
        },
        {
            "type": "bitmap",
            "file": "minecraft:font/black_banner.png",
			"ascent": 8,
			"height": 9,
			"chars": [
				"\uEAA0"
			]
        },
        {
            "type": "bitmap",
            "file": "minecraft:font/blue_banner.png",
			"ascent": 8,
			"height": 9,
			"chars": [
				"\uEAA1"
			]
        },
        {
            "type": "bitmap",
            "file": "minecraft:font/brown_banner.png",
			"ascent": 8,
			"height": 9,
			"chars": [
				"\uEAA2"
			]
        },
        {
            "type": "bitmap",
            "file": "minecraft:font/cyan_banner.png",
			"ascent": 8,
			"height": 9,
			"chars": [
				"\uEAA3"
			]
        },
        {
            "type": "bitmap",
            "file": "minecraft:font/gray_banner.png",
			"ascent": 8,
			"height": 9,
			"chars": [
				"\uEAA4"
			]
        },
        {
            "type": "bitmap",
            "file": "minecraft:font/green_banner.png",
			"ascent": 8,
			"height": 9,
			"chars": [
				"\uEAA5"
			]
        },
        {
            "type": "bitmap",
            "file": "minecraft:font/light_blue_banner.png",
			"ascent": 8,
			"height": 9,
			"chars": [
				"\uEAA6"
			]
        },
        {
            "type": "bitmap",
            "file": "minecraft:font/light_gray_banner.png",
			"ascent": 8,
			"height": 9,
			"chars": [
				"\uEAA7"
			]
        },
        {
            "type": "bitmap",
            "file": "minecraft:font/lime_banner.png",
			"ascent": 8,
			"height": 9,
			"chars": [
				"\uEAA8"
			]
        },
        {
            "type": "bitmap",
            "file": "minecraft:font/magenta_banner.png",
			"ascent": 8,
			"height": 9,
			"chars": [
				"\uEAA9"
			]
        },
        {
            "type": "bitmap",
            "file": "minecraft:font/orange_banner.png",
			"ascent": 8,
			"height": 9,
			"chars": [
				"\uEAAA"
			]
        },
        {
            "type": "bitmap",
            "file": "minecraft:font/pink_banner.png",
			"ascent": 8,
			"height": 9,
			"chars": [
				"\uEAAB"
			]
        },
        {
            "type": "bitmap",
            "file": "minecraft:font/purple_banner.png",
			"ascent": 8,
			"height": 9,
			"chars": [
				"\uEAAC"
			]
        },
        {
            "type": "bitmap",
            "file": "minecraft:font/red_banner.png",
			"ascent": 8,
			"height": 9,
			"chars": [
				"\uEAAD"
			]
        },
        {
            "type": "bitmap",
            "file": "minecraft:font/white_banner.png",
			"ascent": 8,
			"height": 9,
			"chars": [
				"\uEAAE"
			]
        },
        {
            "type": "bitmap",
            "file": "minecraft:font/yellow_banner.png",
			"ascent": 8,
			"height": 9,
			"chars": [
				"\uEAAF"
			]
        },
        {
            "type": "bitmap",
            "file": "minecraft:font/border.png",
			"ascent": 8,
			"height": 9,
			"chars": [
				"\uEAB0"
			]
        },
        {
            "type": "bitmap",
            "file": "minecraft:font/bricks.png",
			"ascent": 8,
			"height": 9,
			"chars": [
				"\uEAB1"
			]
        },
        {
            "type": "bitmap",
            "file": "minecraft:font/circle.png",
			"ascent": 8,
			"height": 9,
			"chars": [
				"\uEAB2"
			]
        },
        {
            "type": "bitmap",
            "file": "minecraft:font/creeper.png",
			"ascent": 8,
			"height": 9,
			"chars": [
				"\uEAB3"
			]
        },
        {
            "type": "bitmap",
            "file": "minecraft:item/creeper_banner_pattern.png",
			"ascent": 8,
			"height": 9,
			"chars": [
				"\uEAB4"
			]
        },
        {
            "type": "bitmap",
            "file": "minecraft:font/cross.png",
			"ascent": 8,
			"height": 9,
			"chars": [
				"\uEAB5"
			]
        },
        {
            "type": "bitmap",
            "file": "minecraft:font/curly_border.png",
			"ascent": 8,
			"height": 9,
			"chars": [
				"\uEAB6"
			]
        },
        {
            "type": "bitmap",
            "file": "minecraft:font/diagonal_left.png",
			"ascent": 8,
			"height": 9,
			"chars": [
				"\uEAB7"
			]
        },
        {
            "type": "bitmap",
            "file": "minecraft:font/diagonal_right.png",
			"ascent": 8,
			"height": 9,
			"chars": [
				"\uEAB8"
			]
        },
        {
            "type": "bitmap",
            "file": "minecraft:font/diagonal_up_left.png",
			"ascent": 8,
			"height": 9,
			"chars": [
				"\uEAB9"
			]
        },
        {
            "type": "bitmap",
            "file": "minecraft:font/diagonal_up_right.png",
			"ascent": 8,
			"height": 9,
			"chars": [
				"\uEABA"
			]
        },
        {
            "type": "bitmap",
            "file": "minecraft:font/flow.png",
			"ascent": 8,
			"height": 9,
			"chars": [
				"\uEABB"
			]
        },
        {
            "type": "bitmap",
            "file": "minecraft:item/flow_banner_pattern.png",
			"ascent": 8,
			"height": 9,
			"chars": [
				"\uEABC"
			]
        },
        {
            "type": "bitmap",
            "file": "minecraft:font/flower.png",
			"ascent": 8,
			"height": 9,
			"chars": [
				"\uEABD"
			]
        },
        {
            "type": "bitmap",
            "file": "minecraft:item/flower_banner_pattern.png",
			"ascent": 8,
			"height": 9,
			"chars": [
				"\uEABE"
			]
        },
        {
            "type": "bitmap",
            "file": "minecraft:font/globe.png",
			"ascent": 8,
			"height": 9,
			"chars": [
				"\uEABF"
			]
        },
        {
            "type": "bitmap",
            "file": "minecraft:item/globe_banner_pattern.png",
			"ascent": 8,
			"height": 9,
			"chars": [
				"\uEAC0"
			]
        },
        {
            "type": "bitmap",
            "file": "minecraft:font/gradient.png",
			"ascent": 8,
			"height": 9,
			"chars": [
				"\uEAC1"
			]
        },
        {
            "type": "bitmap",
            "file": "minecraft:font/gradient_up.png",
			"ascent": 8,
			"height": 9,
			"chars": [
				"\uEAC2"
			]
        },
        {
            "type": "bitmap",
            "file": "minecraft:font/guster.png",
			"ascent": 8,
			"height": 9,
			"chars": [
				"\uEAC3"
			]
        },
        {
            "type": "bitmap",
            "file": "minecraft:item/guster_banner_pattern.png",
			"ascent": 8,
			"height": 9,
			"chars": [
				"\uEAC4"
			]
        },
        {
            "type": "bitmap",
            "file": "minecraft:font/half_horizontal.png",
			"ascent": 8,
			"height": 9,
			"chars": [
				"\uEAC5"
			]
        },
        {
            "type": "bitmap",
            "file": "minecraft:font/half_horizontal_bottom.png",
			"ascent": 8,
			"height": 9,
			"chars": [
				"\uEAC6"
			]
        },
        {
            "type": "bitmap",
            "file": "minecraft:font/half_vertical.png",
			"ascent": 8,
			"height": 9,
			"chars": [
				"\uEAC7"
			]
        },
        {
            "type": "bitmap",
            "file": "minecraft:font/half_vertical_right.png",
			"ascent": 8,
			"height": 9,
			"chars": [
				"\uEAC8"
			]
        },
        {
            "type": "bitmap",
            "file": "minecraft:font/mojang.png",
			"ascent": 8,
			"height": 9,
			"chars": [
				"\uEAC9"
			]
        },
        {
            "type": "bitmap",
            "file": "minecraft:item/mojang_banner_pattern.png",
			"ascent": 8,
			"height": 9,
			"chars": [
				"\uEACA"
			]
        },
        {
            "type": "bitmap",
            "file": "minecraft:font/piglin.png",
			"ascent": 8,
			"height": 9,
			"chars": [
				"\uEACB"
			]
        },
        {
            "type": "bitmap",
            "file": "minecraft:item/piglin_banner_pattern.png",
			"ascent": 8,
			"height": 9,
			"chars": [
				"\uEACC"
			]
        },
        {
            "type": "bitmap",
            "file": "minecraft:font/rhombus.png",
			"ascent": 8,
			"height": 9,
			"chars": [
				"\uEACD"
			]
        },
        {
            "type": "bitmap",
            "file": "minecraft:font/skull.png",
			"ascent": 8,
			"height": 9,
			"chars": [
				"\uEACE"
			]
        },
        {
            "type": "bitmap",
            "file": "minecraft:item/skull_banner_pattern.png",
			"ascent": 8,
			"height": 9,
			"chars": [
				"\uEACF"
			]
        },
        {
            "type": "bitmap",
            "file": "minecraft:font/small_stripes.png",
			"ascent": 8,
			"height": 9,
			"chars": [
				"\uEAD0"
			]
        },
        {
            "type": "bitmap",
            "file": "minecraft:font/square_bottom_left.png",
			"ascent": 8,
			"height": 9,
			"chars": [
				"\uEAD1"
			]
        },
        {
            "type": "bitmap",
            "file": "minecraft:font/square_bottom_right.png",
			"ascent": 8,
			"height": 9,
			"chars": [
				"\uEAD2"
			]
        },
        {
            "type": "bitmap",
            "file": "minecraft:font/square_top_left.png",
			"ascent": 8,
			"height": 9,
			"chars": [
				"\uEAD3"
			]
        },
        {
            "type": "bitmap",
            "file": "minecraft:font/square_top_right.png",
			"ascent": 8,
			"height": 9,
			"chars": [
				"\uEAD4"
			]
        },
        {
            "type": "bitmap",
            "file": "minecraft:font/straight_cross.png",
			"ascent": 8,
			"height": 9,
			"chars": [
				"\uEAD5"
			]
        },
        {
            "type": "bitmap",
            "file": "minecraft:font/stripe_bottom.png",
			"ascent": 8,
			"height": 9,
			"chars": [
				"\uEAD6"
			]
        },
        {
            "type": "bitmap",
            "file": "minecraft:font/stripe_center.png",
			"ascent": 8,
			"height": 9,
			"chars": [
				"\uEAD7"
			]
        },
        {
            "type": "bitmap",
            "file": "minecraft:font/stripe_downleft.png",
			"ascent": 8,
			"height": 9,
			"chars": [
				"\uEAD8"
			]
        },
        {
            "type": "bitmap",
            "file": "minecraft:font/stripe_downright.png",
			"ascent": 8,
			"height": 9,
			"chars": [
				"\uEAD9"
			]
        },
        {
            "type": "bitmap",
            "file": "minecraft:font/stripe_left.png",
			"ascent": 8,
			"height": 9,
			"chars": [
				"\uEADA"
			]
        },
        {
            "type": "bitmap",
            "file": "minecraft:font/stripe_middle.png",
			"ascent": 8,
			"height": 9,
			"chars": [
				"\uEADB"
			]
        },
        {
            "type": "bitmap",
            "file": "minecraft:font/stripe_right.png",
			"ascent": 8,
			"height": 9,
			"chars": [
				"\uEADC"
			]
        },
        {
            "type": "bitmap",
            "file": "minecraft:font/stripe_top.png",
			"ascent": 8,
			"height": 9,
			"chars": [
				"\uEADD"
			]
        },
        {
            "type": "bitmap",
            "file": "minecraft:font/triangle_bottom.png",
			"ascent": 8,
			"height": 9,
			"chars": [
				"\uEADE"
			]
        },
        {
            "type": "bitmap",
            "file": "minecraft:font/triangle_top.png",
			"ascent": 8,
			"height": 9,
			"chars": [
				"\uEADF"
			]
        },
        {
            "type": "bitmap",
            "file": "minecraft:font/triangles_bottom.png",
			"ascent": 8,
			"height": 9,
			"chars": [
				"\uEAE0"
			]
        },
        {
            "type": "bitmap",
            "file": "minecraft:font/triangles_top.png",
			"ascent": 8,
			"height": 9,
			"chars": [
				"\uEAE1"
			]
        }
    ]
}
