{
  "species": "cobblemon:meganium",
  "order": 5,
  "variations": [
    {
      "aspects": ["meganium-flower-red"],
      "layers": [
        {
          "texture": "cobblemon:textures/pokemon/0154_meganium/meganium_flower_red.png"
        }
      ]
    },
	{
      "aspects": ["meganium-flower-orange"],
      "layers": [
        {
          "texture": "cobblemon:textures/pokemon/0154_meganium/meganium_flower_orange.png"
        }
      ]
    },
	{
      "aspects": ["meganium-flower-yellow"],
      "layers": [
        {
          "texture": "cobblemon:textures/pokemon/0154_meganium/meganium_flower_yellow.png"
        }
      ]
    },
	{
      "aspects": ["meganium-flower-green"],
      "layers": [
        {
          "texture": "cobblemon:textures/pokemon/0154_meganium/meganium_flower_green.png"
        }
      ]
    },
	{
      "aspects": ["meganium-flower-cyan"],
      "layers": [
        {
          "texture": "cobblemon:textures/pokemon/0154_meganium/meganium_flower_cyan.png"
        }
      ]
    },
	{
      "aspects": ["meganium-flower-blue"],
      "layers": [
        {
          "texture": "cobblemon:textures/pokemon/0154_meganium/meganium_flower_blue.png"
        }
      ]
    },
    {
      "aspects": ["meganium-flower-purple"],
      "layers": [
        {
          "texture": "cobblemon:textures/pokemon/0154_meganium/meganium_flower_purple.png"
        }
      ]
    },
    {
      "aspects": ["meganium-flower-pink"],
      "layers": [
        {
          "texture": "cobblemon:textures/pokemon/0154_meganium/meganium_flower_pink.png"
        }
      ]
    },
    {
      "aspects": ["meganium-flower-white"],
      "layers": [
        {
          "texture": "cobblemon:textures/pokemon/0154_meganium/meganium_flower_white.png"
        }
      ]
    },
    {
      "aspects": ["meganium-flower-black"],
      "layers": [
        {
          "texture": "cobblemon:textures/pokemon/0154_meganium/meganium_flower_black.png"
        }
      ]
    }
  ]
}