{
    "enabled": true,
    "neededInstalledMods": [],
    "neededUninstalledMods": [],
    "spawns": [
        {
            "id": "blissey-nearby-pokecenter",
            "pokemon": "blissey",
            "presets": [],
            "type": "pokemon",
            "context": "grounded",
            "bucket": "rare",
            "level": "23-57",
            "weight": 7,
            "condition": {
                "structures": [
                    "encounters:pokecenter"
                ],
                "neededNearbyBlocks": [
                    "cobblemon:healing_machine"
                ]
            }
        }
    ]
}