{
    "enabled": true,
    "neededInstalledMods": [],
    "neededUninstalledMods": [],
    "spawns": [
        {
            "id": "comfey-nearby-pokecenter",
            "pokemon": "comfey",
            "presets": [],
            "type": "pokemon",
            "context": "grounded",
            "bucket": "uncommon",
            "level": "12-39",
            "weight": 8,
            "condition": {
                "structures": [
                    "encounters:pokecenter"
                ],
                "neededNearbyBlocks": [
                    "cobblemon:healing_machine"
                ]
            }
        }
    ]
}