{
  "species": "cobblemon:flabebe",
  "order": 5,
  "variations": [
    {
      "aspects": ["shiny"],
      "texture": "cobblemon:textures/pokemon/0669_flabebe/flabebe_shiny.png"
    },
    {
      "aspects": ["flower-expansion-purple"],
      "layers": [
        {
          "texture": "cobblemon:textures/pokemon/0669_flabebe/flabebe_flower_purple.png"
        }
      ]
    },
    {
      "aspects": ["flower-expansion-black"],
      "layers": [
        {
          "texture": "cobblemon:textures/pokemon/0669_flabebe/flabebe_flower_black.png"
        }
      ]
    },
    {
      "aspects": ["flower-expansion-green"],
      "layers": [
        {
          "texture": "cobblemon:textures/pokemon/0669_flabebe/flabebe_flower_green.png"
        }
      ]
    },
    {
      "aspects": ["flower-expansion-cyan"],
      "layers": [
        {
          "texture": "cobblemon:textures/pokemon/0669_flabebe/flabebe_flower_cyan.png"
        }
      ]
    },
    {
      "aspects": ["flower-expansion-brown"],
      "layers": [
        {
          "texture": "cobblemon:textures/pokemon/0669_flabebe/flabebe_flower_brown.png"
        }
      ]
    }
  ]
}
