{
    "type": "minecraft:chest",
    "pools": [
        {
            "rolls": 1,
            "entries": [
                {
                    "type": "minecraft:item",
                    "name": "minecraft:iron_sword",
                    "weight": 10,
                    "quality": 10,
                    "functions": [
                        {
                            "function": "minecraft:enchant_randomly"
                        }
                    ]
                },{
                    "type": "minecraft:item",
                    "name": "minecraft:iron_axe",
                    "weight": 10,
                    "quality": 10,
                    "functions": [
                        {
                            "function": "minecraft:enchant_randomly"
                        }
                    ]
                }
            ]
        },
        {
            "rolls": {
                "type": "minecraft:uniform",
                "min": 1,
                "max": 3
            },
            "entries": [
                {
                    "type": "minecraft:item",
                    "name": "minecraft:iron_helmet",
                    "weight": 3,
                    "quality": 3,
                    "functions": [
                        {
                            "function": "minecraft:set_components",
                            "components": {
                                "minecraft:trim": {
                                    "material": "minecraft:copper",
                                    "pattern": "minecraft:bolt"
                                }
                            }
                        }
                    ]
                },
                {
                    "type": "minecraft:item",
                    "name": "minecraft:iron_chestplate",
                    "weight": 3,
                    "quality": 3,
                    "functions": [
                        {
                            "function": "minecraft:set_components",
                            "components": {
                                "minecraft:trim": {
                                    "material": "minecraft:copper",
                                    "pattern": "minecraft:bolt"
                                }
                            }
                        }
                    ]
                },
                {
                    "type": "minecraft:item",
                    "name": "minecraft:iron_leggings",
                    "weight": 3,
                    "quality": 3,
                    "functions": [
                        {
                            "function": "minecraft:set_components",
                            "components": {
                                "minecraft:trim": {
                                    "material": "minecraft:copper",
                                    "pattern": "minecraft:bolt"
                                }
                            }
                        }
                    ]
                },
                {
                    "type": "minecraft:item",
                    "name": "minecraft:iron_boots",
                    "weight": 3,
                    "quality": 3,
                    "functions": [
                        {
                            "function": "minecraft:set_components",
                            "components": {
                                "minecraft:trim": {
                                    "material": "minecraft:copper",
                                    "pattern": "minecraft:bolt"
                                }
                            }
                        }
                    ]
                },
                {
                    "type": "minecraft:item",
                    "name": "minecraft:chainmail_helmet",
                    "weight": 5,
                    "quality": 5,
                    "functions": [
                        {
                            "function": "minecraft:set_components",
                            "components": {
                                "minecraft:trim": {
                                    "material": "minecraft:copper",
                                    "pattern": "minecraft:bolt"
                                }
                            }
                        }
                    ]
                },
                {
                    "type": "minecraft:item",
                    "name": "minecraft:chainmail_chestplate",
                    "weight": 5,
                    "quality": 5,
                    "functions": [
                        {
                            "function": "minecraft:set_components",
                            "components": {
                                "minecraft:trim": {
                                    "material": "minecraft:copper",
                                    "pattern": "minecraft:bolt"
                                }
                            }
                        }
                    ]
                },
                {
                    "type": "minecraft:item",
                    "name": "minecraft:chainmail_leggings",
                    "weight": 5,
                    "quality": 5,
                    "functions": [
                        {
                            "function": "minecraft:set_components",
                            "components": {
                                "minecraft:trim": {
                                    "material": "minecraft:copper",
                                    "pattern": "minecraft:bolt"
                                }
                            }
                        }
                    ]
                },
                {
                    "type": "minecraft:item",
                    "name": "minecraft:chainmail_boots",
                    "weight": 5,
                    "quality": 5,
                    "functions": []
                }
            ]
        }
    ]
}