{
	"credit": "Made with Blockbench",
	"texture_size": [32, 32],
	"textures": {
		"1": "cobblenav:item/pokefinder_item_black"
	},
	"elements": [
		{
			"from": [0, 0, 7],
			"to": [16, 12, 9],
			"rotation": {"angle": 0, "axis": "x", "origin": [0, 0, 7]},
			"faces": {
				"north": {"uv": [0, 0, 8, 6], "texture": "#1"},
				"east": {"uv": [8, 2, 9, 8], "texture": "#1"},
				"south": {"uv": [0, 6, 8, 12], "texture": "#1"},
				"west": {"uv": [8, 8, 9, 14], "texture": "#1"},
				"up": {"uv": [16, 1, 8, 0], "texture": "#1"},
				"down": {"uv": [16, 1, 8, 2], "texture": "#1"}
			}
		},
		{
			"from": [1, 12, 8],
			"to": [3, 17, 9],
			"rotation": {"angle": 0, "axis": "x", "origin": [1, 12, 7]},
			"faces": {
				"north": {"uv": [9, 2, 10, 4.5], "texture": "#1"},
				"east": {"uv": [9, 7, 9.5, 9.5], "texture": "#1"},
				"south": {"uv": [9, 4.5, 10, 7], "texture": "#1"},
				"west": {"uv": [9.5, 7, 10, 9.5], "texture": "#1"},
				"up": {"uv": [10, 10, 9, 9.5], "texture": "#1"},
				"down": {"uv": [11, 2, 10, 2.5], "texture": "#1"}
			}
		}
	],
	"display": {
		"thirdperson_righthand": {
			"rotation": [0, 180, 0],
			"translation": [0, 2.75, 0],
			"scale": [0.4, 0.4, 0.4]
		},
		"thirdperson_lefthand": {
			"rotation": [0, 180, 0],
			"translation": [0, 2.75, 0],
			"scale": [0.4, 0.4, 0.4]
		},
		"firstperson_righthand": {
			"rotation": [0, 180, 0],
			"translation": [0, 3.75, 0],
			"scale": [0.6, 0.6, 0.6]
		},
		"firstperson_lefthand": {
			"rotation": [0, 180, 0],
			"translation": [0, 3.75, 0],
			"scale": [0.6, 0.6, 0.6]
		},
		"ground": {
			"translation": [0, 2, 0],
			"scale": [0.5, 0.5, 0.5]
		},
		"gui": {
			"rotation": [30, 225, 0],
			"translation": [-0.5, 0.25, 0],
			"scale": [0.7, 0.7, 0.7]
		},
		"head": {
			"translation": [0, 4.75, -4.5]
		}
	},
	"groups": [
		{
			"name": "pokefinder",
			"origin": [1, 12, 0],
			"color": 0,
			"children": [0, 1]
		}
	]
}