{
  "portraitScale": 2,
  "portraitTranslation": [0, -0.8, 0],
  "profileScale": 0.8,
  "profileTranslation": [0, 0.6, 0],
  "poses": {
    "battle-idle": {
      "poseName": "battle-idle",
      "transformTicks": 10,
      "poseTypes": ["STAND"],
      "isBattle": true,
      "animations": ["bedrock(jirachi, ground_idle)"],
      "quirks": [
        {
          "name": "blink",
          "loopTimes": 5,
          "minSecondsBetweenOccurrences": 20,
          "maxSecondsBetweenOccurrences": 200,
          "animations": ["bedrock(jirachi, blink)"]
        }
      ]
    },
    "standing": {
      "poseName": "standing",
      "transformTicks": 10,
      "poseTypes": ["STAND", "NONE", "PORTRAIT", "PROFILE"],
      "isBattle": false,
      "animations": ["bedrock(jirachi, ground_idle)"],
      "quirks": [
        {
          "name": "blink",
          "loopTimes": 5,
          "minSecondsBetweenOccurrences": 20,
          "maxSecondsBetweenOccurrences": 200,
          "animations": ["bedrock(jirachi, blink)"]
        }
      ]
    },
    "walking": {
      "poseName": "walking",
      "transformTicks": 10,
      "poseTypes": ["WALK"],
      "animations": ["bedrock(jirachi, ground_walk)"],
      "quirks": [
        {
          "name": "blink",
          "loopTimes": 5,
          "minSecondsBetweenOccurrences": 20,
          "maxSecondsBetweenOccurrences": 200,
          "animations": ["bedrock(jirachi, blink)"]
        }
      ]
    },
    "sleeping": {
      "poseName": "sleeping",
      "transformTicks": 10,
      "poseTypes": ["SLEEP"],
      "animations": ["bedrock(jirachi, sleep)"]
    }
  }
}
