{
	"format_version": "1.12.0",
	"minecraft:geometry": [
		{
			"description": {
				"identifier": "geometry.jirachi",
				"texture_width": 64,
				"texture_height": 64,
				"visible_bounds_width": 4,
				"visible_bounds_height": 3.5,
				"visible_bounds_offset": [0, 1.25, 0]
			},
			"bones": [
				{
					"name": "jirachi",
					"pivot": [0, 0, 0]
				},
				{
					"name": "body",
					"parent": "jirachi",
					"pivot": [0, 0, 0]
				},
				{
					"name": "torso2",
					"parent": "body",
					"pivot": [0, 1.2, -0.2],
					"cubes": [
						{"origin": [-2.5, 1.2, -2.3], "size": [5, 4, 4], "uv": [44, 32]},
						{"origin": [-2, 2.7, -2.4], "size": [1, 1, 0], "uv": [51, 14]},
						{"origin": [-1.5, 2.4, -2.4], "size": [3, 1, 0], "uv": [53, 13]},
						{"origin": [1, 2.7, -2.4], "size": [1, 1, 0], "uv": [51, 13]}
					]
				},
				{
					"name": "torso",
					"parent": "torso2",
					"pivot": [0, 5.2, -0.3],
					"cubes": [
						{"origin": [-2, 4.4, -1.8], "size": [4, 2, 3], "uv": [33, 47]}
					]
				},
				{
					"name": "head",
					"parent": "torso",
					"pivot": [0, 6.3, -1],
					"cubes": [
						{"origin": [8, 9.6, -2.9], "size": [3, 4, 4], "uv": [25, 15]},
						{"origin": [-4, 12, -4.5], "size": [8, 3, 9], "inflate": 0.01, "uv": [0, 15]},
						{"origin": [-8, 8, -4.3], "size": [4, 7, 7], "uv": [22, 27]},
						{"origin": [-11, 9.6, -2.9], "size": [3, 4, 4], "uv": [25, 1]},
						{"origin": [-3.5, 14, -4], "size": [7, 4, 7], "pivot": [-0.5, 17.75, -1], "rotation": [7.5, 0, 0], "uv": [34, 2]},
						{"origin": [-2, 18, -2.6], "size": [4, 3, 4], "pivot": [0, 17.75, -1], "rotation": [7.5, 0, 0], "uv": [39, 13]},
						{"origin": [2, 11, -4.52], "size": [2, 2, 0], "uv": [0, 17]},
						{"origin": [-2, 10.5, -4.52], "size": [4, 2, 0], "uv": [0, 15]},
						{"origin": [-4, 11, -4.52], "size": [2, 2, 0], "uv": [0, 19]},
						{"origin": [-4, 6.3, -4.5], "size": [8, 6, 9], "uv": [0, 0]},
						{"origin": [4, 8, -4.3], "size": [4, 7, 7], "uv": [0, 27]}
					]
				},
				{
					"name": "right_eye",
					"parent": "head",
					"pivot": [-2.5, 9.06667, -4.51333],
					"cubes": [
						{"origin": [-3.7, 8.4, -4.51], "size": [2, 2, 0], "uv": [52, 46]},
						{"origin": [-2.7, 9.4, -4.52], "size": [1, 1, 0], "uv": [30, 50]},
						{"origin": [-3.1, 7.4, -4.51], "size": [1, 1, 0], "uv": [24, 50]}
					]
				},
				{
					"name": "left_eye",
					"parent": "head",
					"pivot": [2.5, 9.06667, -4.51333],
					"cubes": [
						{"origin": [1.7, 8.4, -4.51], "size": [2, 2, 0], "uv": [52, 44]},
						{"origin": [1.7, 9.4, -4.52], "size": [1, 1, 0], "uv": [30, 49]},
						{"origin": [2.1, 7.4, -4.51], "size": [1, 1, 0], "uv": [24, 51]}
					]
				},
				{
					"name": "mouth",
					"parent": "head",
					"pivot": [0, 7.83333, -4.51],
					"cubes": [
						{"origin": [-1.5, 7.4, -4.51], "size": [1, 1, 0], "uv": [54, 28]},
						{"origin": [-0.5, 7.2, -4.51], "size": [1, 1, 0], "uv": [54, 27]},
						{"origin": [0.5, 7.4, -4.51], "size": [1, 1, 0], "uv": [54, 26]}
					]
				},
				{
					"name": "head_bone_right",
					"parent": "head",
					"pivot": [-5, 11.3, -4.4],
					"cubes": [
						{"origin": [-6, 7.3, -4.4], "size": [2, 4, 2], "uv": [48, 20]}
					]
				},
				{
					"name": "head_bone_right2",
					"parent": "head_bone_right",
					"pivot": [-5, 8.3, -3.4],
					"cubes": [
						{"origin": [-6.5, 5.3, -5], "size": [3, 3, 3], "uv": [36, 20]}
					]
				},
				{
					"name": "head_bone_left",
					"parent": "head",
					"pivot": [5, 11.3, -4.4],
					"cubes": [
						{"origin": [4, 7.3, -4.4], "size": [2, 4, 2], "uv": [37, 26]}
					]
				},
				{
					"name": "head_bone_left2",
					"parent": "head_bone_left",
					"pivot": [5, 8.3, -3.4],
					"cubes": [
						{"origin": [3.5, 5.3, -5], "size": [3, 3, 3], "uv": [45, 26]}
					]
				},
				{
					"name": "right_ruban",
					"parent": "head",
					"pivot": [-10.6, 11, -2.9],
					"cubes": [
						{"origin": [-11.1, 8, -2.91], "size": [2, 3, 0], "uv": [15, 27]}
					]
				},
				{
					"name": "right_ruban2",
					"parent": "right_ruban",
					"pivot": [-10.6, 8, -2.9],
					"cubes": [
						{"origin": [-11.1, 5, -2.91], "size": [2, 3, 0], "uv": [15, 30]}
					]
				},
				{
					"name": "left_ruban",
					"parent": "head",
					"pivot": [10.6, 11, -2.9],
					"cubes": [
						{"origin": [9.1, 8, -2.91], "size": [2, 3, 0], "uv": [19, 27]}
					]
				},
				{
					"name": "left_ruban2",
					"parent": "left_ruban",
					"pivot": [10.6, 8, -2.9],
					"cubes": [
						{"origin": [9.1, 5, -2.91], "size": [2, 3, 0], "uv": [19, 30]}
					]
				},
				{
					"name": "front_ruban",
					"parent": "head",
					"pivot": [0, 19.822, -2.9],
					"cubes": [
						{"origin": [-1, 14.3, -2.2], "size": [2, 4, 0], "pivot": [0, 19.38963, -1.76693], "rotation": [-90, 0, 0], "uv": [23, 27]}
					]
				},
				{
					"name": "front_ruban2",
					"parent": "front_ruban",
					"pivot": [0, 19.822, -6.86693],
					"cubes": [
						{"origin": [-1, 10.3, -2.2], "size": [2, 4, 0], "pivot": [0, 19.38963, -1.76693], "rotation": [-90, 0, 0], "uv": [3, 27]}
					]
				},
				{
					"name": "right_eyelid",
					"parent": "head",
					"pivot": [-2.7, 9.4, -3],
					"cubes": [
						{"origin": [-3.7, 8.4, -3.5], "size": [2, 2, 1], "inflate": 0.03, "uv": [0, 0]}
					]
				},
				{
					"name": "left_eyelid",
					"parent": "head",
					"pivot": [2.7, 9.4, -3],
					"cubes": [
						{"origin": [1.7, 8.4, -3.5], "size": [2, 2, 1], "inflate": 0.03, "uv": [0, 3], "mirror": true}
					]
				},
				{
					"name": "left_arm",
					"parent": "torso",
					"pivot": [2, 6.3, 1],
					"cubes": [
						{"origin": [1, 5.3, -1], "size": [4, 1, 2], "uv": [30, 41]}
					]
				},
				{
					"name": "left_arm2",
					"parent": "left_arm",
					"pivot": [2, 5.7, 0.2],
					"cubes": [
						{"origin": [2, 2.7, 0.2], "size": [4, 3, 0], "uv": [42, 41]}
					]
				},
				{
					"name": "left_hand",
					"parent": "left_arm",
					"pivot": [5, 6.3, 1],
					"cubes": [
						{"origin": [5, 5.3, -1], "size": [2, 1, 2], "uv": [36, 44]}
					]
				},
				{
					"name": "left_finger",
					"parent": "left_hand",
					"pivot": [7, 6.3, 1],
					"cubes": [
						{"origin": [7, 6.3, 0], "size": [1, 0, 1], "uv": [35, 44]}
					]
				},
				{
					"name": "left_finger2",
					"parent": "left_hand",
					"pivot": [7, 6.3, 0],
					"cubes": [
						{"origin": [7, 6.3, -1], "size": [1, 0, 1], "uv": [33, 44]}
					]
				},
				{
					"name": "left_finger3",
					"parent": "left_hand",
					"pivot": [6.5, 6.3, -1],
					"cubes": [
						{"origin": [6, 6.3, -2], "size": [1, 0, 1], "uv": [31, 44]}
					]
				},
				{
					"name": "right_arm",
					"parent": "torso",
					"pivot": [-2, 6.3, 1],
					"cubes": [
						{"origin": [-5, 5.3, -1], "size": [4, 1, 2], "uv": [20, 43], "mirror": true}
					]
				},
				{
					"name": "right_arm2",
					"parent": "right_arm",
					"pivot": [-2, 5.7, 0.2],
					"cubes": [
						{"origin": [-6, 2.7, 0.2], "size": [4, 3, 0], "uv": [28, 46], "mirror": true}
					]
				},
				{
					"name": "right_hand",
					"parent": "right_arm",
					"pivot": [-5, 6.3, 1],
					"cubes": [
						{"origin": [-7, 5.3, -1], "size": [2, 1, 2], "uv": [20, 46], "mirror": true}
					]
				},
				{
					"name": "right_finger",
					"parent": "right_hand",
					"pivot": [-7, 6.3, 1],
					"cubes": [
						{"origin": [-8, 6.3, 0], "size": [1, 0, 1], "uv": [27, 49], "mirror": true}
					]
				},
				{
					"name": "right_finger2",
					"parent": "right_hand",
					"pivot": [-7, 6.3, 0],
					"cubes": [
						{"origin": [-8, 6.3, -1], "size": [1, 0, 1], "uv": [25, 49], "mirror": true}
					]
				},
				{
					"name": "right_finger3",
					"parent": "right_hand",
					"pivot": [-6.5, 6.3, -1],
					"cubes": [
						{"origin": [-7, 6.3, -2], "size": [1, 0, 1], "uv": [23, 49], "mirror": true}
					]
				},
				{
					"name": "right_back_ruban",
					"parent": "torso",
					"pivot": [-1.8, 5, 0.9],
					"cubes": [
						{"origin": [-1.8, 4.1, 0.9], "size": [0, 2, 2], "uv": [16, 39]}
					]
				},
				{
					"name": "right_back_ruban2",
					"parent": "right_back_ruban",
					"pivot": [-1.8, 5, 2.9],
					"cubes": [
						{"origin": [-1.8, 4.1, 2.9], "size": [0, 2, 2], "uv": [24, 39]}
					]
				},
				{
					"name": "right_back_ruban3",
					"parent": "right_back_ruban2",
					"pivot": [-1.8, 5, 4.9],
					"cubes": [
						{"origin": [-1.8, 2.1, 4.9], "size": [0, 4, 4], "uv": [0, 37]}
					]
				},
				{
					"name": "right_back_ruban4",
					"parent": "right_back_ruban3",
					"pivot": [-1.8, 4.1, 8.9],
					"cubes": [
						{"origin": [-1.8, 2.1, 8.9], "size": [0, 4, 5], "uv": [0, 40]}
					]
				},
				{
					"name": "right_back_ruban5",
					"parent": "right_back_ruban4",
					"pivot": [-1.8, 4.1, 13.9],
					"cubes": [
						{"origin": [-1.8, 2.1, 13.9], "size": [0, 4, 6], "uv": [0, 43]}
					]
				},
				{
					"name": "left_back_ruban",
					"parent": "torso",
					"pivot": [1.8, 5, 0.9],
					"cubes": [
						{"origin": [1.8, 4.1, 0.9], "size": [0, 2, 2], "uv": [20, 39]}
					]
				},
				{
					"name": "left_back_ruban2",
					"parent": "left_back_ruban",
					"pivot": [1.8, 5, 2.9],
					"cubes": [
						{"origin": [1.8, 4.1, 2.9], "size": [0, 2, 2], "uv": [28, 39]}
					]
				},
				{
					"name": "left_back_ruban3",
					"parent": "left_back_ruban2",
					"pivot": [1.8, 5, 4.9],
					"cubes": [
						{"origin": [1.8, 2.1, 4.9], "size": [0, 4, 4], "uv": [8, 37]}
					]
				},
				{
					"name": "left_back_ruban4",
					"parent": "left_back_ruban3",
					"pivot": [1.8, 4.1, 8.9],
					"cubes": [
						{"origin": [1.8, 2.1, 8.9], "size": [0, 4, 5], "uv": [10, 40]}
					]
				},
				{
					"name": "left_back_ruban5",
					"parent": "left_back_ruban4",
					"pivot": [1.8, 4.1, 13.9],
					"cubes": [
						{"origin": [1.8, 2.1, 13.9], "size": [0, 4, 6], "uv": [12, 43]}
					]
				},
				{
					"name": "left_leg",
					"parent": "body",
					"pivot": [1.5, 2, -0.2],
					"cubes": [
						{"origin": [0.5, 0, -1.2], "size": [2, 2, 2], "inflate": 0.01, "uv": [44, 44]}
					]
				},
				{
					"name": "right_leg",
					"parent": "body",
					"pivot": [-1.5, 2, -0.2],
					"cubes": [
						{"origin": [-2.5, 0, -1.2], "size": [2, 2, 2], "inflate": 0.01, "uv": [50, 40], "mirror": true}
					]
				}
			]
		}
	]
}